essay_id_comp,holistic_essay_score
C31520FB6759,2.0
C02A65E91884,2.0
E4824CBFEEBD,2.0
5738013BE785,2.0
1D0E0C228813,2.0
3089C1987593,2.0
F03B2CBA9BED,2.0
61B11F508FC5,2.0
24CB17912088,2.0
184BB730DF3A,2.0
1F2DD4E07ECA,2.0
CB8C066F9865,2.0
8.31E+11,2.0
F85134ADF4B7,2.0
6CD3D6A07F39,2.0
4229BE9A3599,2.0
3.74E+11,2.0
AB0403712FA9,2.0
E758B77AC952,2.0
A303B199A496,2.0
11B9AC1814C8,2.0
89BA155355E4,2.0
5B7A026CD3C4,3.0
D401F5D87E45,2.0
8D4A0D4CD2C2,2.0
0B606C33AC4D,2.0
7D5D980FD05F,2.0
9288FF19115E,2.0
DA246835767B,2.0
7EE7318E1EF2,2.0
6A78F638EF3D,2.0
1E8C298D92CB,2.0
DA3D494E63E4,2.0
688370E9E6F1,2.0
5967C9CB596A,2.0
E3AC61432870,2.0
955C86F2C441,2.0
4BCE54BF93E5,2.0
6B03EA1188DE,2.0
AD447A0ADA1E,2.0
3AC3BED193AA,2.0
E700839A6803,2.0
BF86E37ABB2A,2.0
C86149D0B9FD,3.0
56DDE8F7EF4B,2.0
1CA539E21E08,2.0
808A2301D574,2.0
BA0DC6904621,3.0
A409EF8030EC,2.0
315FF786F120,3.0
4D6B9CAE9B5C,2.0
F54BD89B665A,2.0
158AFD44E7D5,2.0
351D13492B8C,2.0
A90D70556372,2.0
67204B22ED12,2.0
12660C832798,2.0
1DB195AA7BE3,2.0
CED4ADA9A012,2.0
632998A6072F,2.0
1BF001A27060,2.0
6402C64B1444,2.0
EE1661BF8227,3.0
053B8755A4FB,2.0
97BE845E7D19,2.0
E22833B1E06E,2.0
B88543B512DE,2.0
9EB8A19DEAB0,2.0
2C44C3912AC9,2.0
BF5D82D486F5,2.0
AF320373DBAA,2.0
2C8DBF4A98FA,2.0
DF2894ABB1FA,2.0
B0E93CC3E195,2.0
27A795DC36BE,2.0
DD9E0D7DD506,2.0
C99E756A724F,2.0
6783CF0808E5,3.0
B5113469D13C,2.0
74495878DAA3,2.0
48FB3005F4DC,2.0
700AAF27F8DE,2.0
5CA70FA823B1,2.0
2A0B8F686C8A,1
316F3A2E2E5F,2.0
25B1E8E15BCB,2.0
0BEEB1FD98DE,2.0
CE33B0E35C38,2.0
182B067EEDF3,2.0
CE8793AE1BE8,2.0
C36AECC3C173,2.0
25362AB8F394,2.0
998BBB8AB63C,3.0
BB33169642C3,2.0
EC04AA6403AC,2.0
2F19735DD6EC,2.0
B3CD019589CB,2.0
6F5652DC6E6A,2.0
604BECEA8FBE,2.0
FF7AFA7FF8B6,2.0
355534539B7E,3.0
140434C2B180,3.0
47E3B3E558E1,2.0
BF01FFEF8CB3,2.0
DF72D063A74D,2.0
C48A770E3726,2.0
13E31C8699DF,2.0
C1C3B60152D9,2.0
5401F370E413,2.0
CF2138A08358,2.0
880027AAA1A2,2.0
28E132CF8098,2.0
651F93C7E03A,2.0
FC90D46FBE1F,2.0
E04EE15F5C91,2.0
E8BDF53BAAA4,2.0
30CA7D9DB52B,2.0
F1D42413F451,3.0
233F34A737E9,2.0
7456CE5BB6E2,2.0
FD96B26E06F8,2.0
3FF04D1D12B0,2.0
2876A84EAEDA,2.0
EA485A2E96A8,2.0
AB8C962ADAFB,2.0
AAEED47072D9,2.0
B0CCB2BD0349,2.0
C9BA274FDEBC,2.0
ED96E3AB5161,3.0
4B7B7D384FFF,2.0
19637A48A8CE,2.0
EF23CA70CA1F,2.0
F2E12C08A78E,2.0
34BABC0E3795,2.0
38E6B2B33628,2.0
5D3F76E36715,2.0
1C8C28FBE64E,3.0
08F739CC6387,2.0
B3388EF1E80C,3.0
94498CE633F3,2.0
82C8D991C949,2.0
B5868ECDF875,2.0
BA5F00503DBF,2.0
DD3620BD8F1C,2.0
A5B440196B41,2.0
852A7F32C8A5,2.0
52F671887530,2.0
5D89797EE834,3.0
513F26B1B2FC,2.0
9A3D0EC89E65,2.0
9E0F552B6A65,3.0
3A9A95F48F86,2.0
617D56A15483,2.0
A1EAC2434DD1,2.0
8AAA87E056FD,3.0
5F3F027AABDA,3.0
07CDFB21E155,2.0
4EC4EF410FC7,2.0
A3AEF9F996FB,3.0
3A317901A1B7,2.0
D30614F0911F,2.0
1EAB51728A20,3.0
2B1FF4D664E9,2.0
7082A75CC03B,2.0
466945C86DFD,2.0
8A64F8D74D5B,2.0
C1EF875519DC,2.0
5C44B0B1C2E3,2.0
C9188A826189,2.0
6E54DEB8CFA8,3.0
957C84D3B1F0,2.0
4CA37D113612,2.0
8E7A630DDB1B,2.0
FCB06E87281B,2.0
6DDE9815EE7B,3.0
668FB038C260,2.0
C71AC41CEDEA,2.0
6E343BA0B521,2.0
248BA02C6B96,2.0
84DA3A4E84CC,2.0
2D30BE5A3A1A,2.0
AA08B576D8B0,2.0
EBCDED6944ED,2.0
A88767C338D3,2.0
D78579C10220,3.0
FFABA4957A3F,2.0
47F31D88DFB5,2.0
5CDAB6845C66,2.0
B78FDCCC587F,2.0
48837626943D,2.0
70E008E55102,2.0
ACA7AD2E5716,2.0
609FABF99E0F,2.0
5A6AE4CDEEF1,3.0
F6D551EC40F9,2.0
6ACDC003F40F,2.0
94FE94B27DCD,2.0
AB3CE967B9EB,2.0
BE173A10919B,2.0
A6F4E6A5A5DE,2.0
A3E8AF823886,2.0
B1C9D89FD27C,2.0
FA3E37900E3D,2.0
7D14E283380C,2.0
2CD160148A6E,2.0
9706F8E7D534,2.0
7.68E+11,2.0
A070588C06AF,2.0
2022539CFE3E,2.0
2352FF50900C,2.0
E0C83B2CB6BE,2.0
75022F40463D,2.0
D6AED985BFA1,2.0
7DA620B80EA3,2.0
5F27FEB9CC44,2.0
27B85BFC223E,2.0
CC0AC8356D9E,2.0
466F93476D84,2.0
F7363D74C731,2.0
9F2E3072B5C6,3.0
D613335EB1F7,2.0
6D2AD3027292,2.0
B19C6EA1C4B7,2.0
EA2B5EB1DFDA,3.0
4C1F76298E24,2.0
B9DABCFD687D,2.0
7FCE66C7AC11,1
440790E93DC0,2.0
37E0CC5A4DFA,2.0
B884018E887C,2.0
672CD0AEEA90,2.0
B0A19F407570,2.0
0BAF08001514,2.0
F98C8AAA5BE3,3.0
86A362AFF89F,1
B84458707731,2.0
AD2E56E68B84,2.0
5526ABFE6934,2.0
401940D9830D,2.0
30A3F81C11AD,2.0
A4A7A35101F4,2.0
41EE2492D913,2.0
019FE7DD2DF7,2.0
80CFDE305E01,2.0
AD3109DFDFC3,2.0
E743F9AC8BBE,2.0
ADF3010B2E4A,3.0
940F2C3E4080,2.0
18113556C5DC,2.0
D24996A97544,2.0
E781EF2AE766,2.0
5AB376A4D408,2.0
6ACEE4C0B638,2.0
8EAD127ACC77,2.0
43E52415FDFE,3.0
6770F94889E2,2.0
AE021F85F4D5,3.0
9CFA62F555FF,2.0
CD2D05D53579,2.0
2CE78345E621,2.0
2EDBA445104A,2.0
F359B5C9762C,2.0
5E75902533E2,3.0
0581A6F4E804,2.0
A6432958C29A,3.0
A1AB71F3352D,2.0
5D7515123676,2.0
A3B1DE87F2AB,2.0
BA43E40FDC33,1
FE32F17CF9EB,2.0
C266F2FBD7CC,2.0
F5B9BAAC0177,2.0
030BBFC7D7F9,2.0
308DA02A219C,3.0
36820FEFBDCA,2.0
EC9EFB9993D4,2.0
9498E14F5231,3.0
D1701A8EEF26,2.0
08A6AD8C775B,2.0
1284A423E338,2.0
AFF882607973,3.0
8A16475F358C,2.0
E3CC058CFB48,2.0
52158495C326,2.0
A8DFF4D30133,2.0
36746D9B154A,2.0
31C7E435A083,2.0
46607966C5C2,2.0
94BE4CCC80F3,2.0
8B30DF646DD1,2.0
28314B1AC842,2.0
ACC2488E77B7,2.0
A65BB728AB32,2.0
E6F348103B15,2.0
79E32F48A399,2.0
537C10DCAC22,2.0
129B5E290232,2.0
B1EFFE527751,2.0
D5228994FD3C,2.0
FE9E14F641F8,2.0
5503B9964A09,2.0
C82973983B80,2.0
07D1C6C46004,2.0
13FB62D377E3,2.0
992D3497DC92,2.0
D236B403D7EE,2.0
5DE24AC546C3,2.0
C75471F5ED96,3.0
B1E590527982,2.0
3D3D96AFD65A,2.0
4E30F0777917,2.0
9026B38CF35F,2.0
DF01153BEE14,2.0
22D938F5E0E2,2.0
ABB60B547B15,2.0
8C887CDDBA32,2.0
9559F88CE9FC,2.0
89CE2C3E8E32,2.0
B0F3FA7DE6CE,2.0
674EBED0C821,2.0
91B840A41637,2.0
F59DDBF5DB0B,2.0
EA43C180B3E0,2.0
81122C8AD46A,2.0
7BCEA1F17A50,2.0
3743864AA18E,2.0
381537D74495,2.0
20498D2BFDBE,2.0
2B46876E1BED,2.0
D7566A03B88E,2.0
38EA1B4F88C8,2.0
74C44149CA38,3.0
030E5538C3CA,2.0
139E760C6DEE,2.0
AEDEB221139D,3.0
F17279F65DCE,3.0
38959CF98F8D,2.0
D6076F5278FD,2.0
5782F64504B9,2.0
CFBCF638F69D,3.0
5B38B644790E,2.0
481B86F1521E,2.0
B5235448CF1F,2.0
71681FC0F7CF,3.0
E1C9EA19B1E7,3.0
146440EF28B8,2.0
98E848B4CB77,2.0
9DEE651A7219,2.0
FEE2C4153777,2.0
09C8F49982B9,2.0
BDFEDD161F03,2.0
75E49A04250D,2.0
439A6D5B2062,2.0
751B4C3EA663,2.0
C212B1F1C14B,1
81B3D4471958,2.0
ECEF6DCF97D5,2.0
31BDD33875A4,2.0
11FCFBA42882,2.0
BFF614D2073D,3.0
15810FF4CB38,2.0
A2A9327526F7,2.0
1C13CBFCF87F,2.0
6060D28C05B6,2.0
AC505EF3920C,2.0
421B298FE5C1,2.0
A7431EE1E25B,2.0
F054958118F9,2.0
4BA9296EBE9F,2.0
E6E6D7253CC4,2.0
E16FF3DF1166,3.0
C68F79F5710A,2.0
FC0C60D3B9B1,2.0
6DFAF0C83FE9,2.0
A26B1E4B4703,2.0
84425797BC28,2.0
6B3C70C249F0,3.0
9D9A5677B299,2.0
D6D89FF211DA,2.0
06FA7149EBB4,2.0
0C5C2E05A868,2.0
03B874232827,2.0
5AF04068D0B9,2.0
08479124D1C4,2.0
996C6D34FAE1,3.0
4200B5E4E9DF,2.0
DAC3B05505BE,2.0
584F4FBD5836,2.0
4D60247D96CE,2.0
18658BB1E5FF,2.0
43A98A5165A6,3.0
C1F21F7AD52C,2.0
AE0BBF382263,2.0
D27006254575,2.0
287F79B6D6F6,3.0
7309980B7A6F,2.0
F7E94EADC403,2.0
06C5AA76CC91,2.0
39B6454376C8,2.0
5FDFA90D3EDA,2.0
EC8FCCDB698A,2.0
515ECEA6FE71,2.0
2554E3E50652,3.0
7E0447C178D8,3.0
AB6F718824A0,2.0
4155D50399D1,2.0
3AB98867EABB,2.0
9DBFE10D813C,2.0
783A5BC572A9,2.0
F955CE7D650C,2.0
885CBDD4A297,3.0
CDE3CED1BF53,2.0
BE24907D6684,2.0
522421AC1CDB,2.0
6F326F032E91,2.0
BC1EB41C5606,2.0
E60A90AAA4C8,2.0
1F3E6E0EF6FB,1
9FD5F5EAA8E3,2.0
7483C23F8C17,2.0
A5FF36F08845,3.0
520545C18283,2.0
CDBE82430B57,3.0
0DC3BDC76434,2.0
EDD3DA14F057,2.0
9.55E+11,2.0
B3541C7B8380,2.0
A500CCF711B0,2.0
9EBEC441D6E2,2.0
0358E1A5CC75,2.0
EAC3596461E7,2.0
F3EE1510C8EF,2.0
1A72E7E7F1F2,2.0
F69DA030AE67,2.0
A550B41E7CD7,2.0
91B88A23A5E4,2.0
9078542008BD,2.0
7FA6B07F2373,2.0
02A498653BE6,2.0
CBB78E310747,2.0
750AFA674F45,2.0
BE58ABE09429,3.0
FE0CFF7FA460,2.0
0A082DA0A890,2.0
0FDE661EB51E,2.0
92C09304882D,2.0
ABFAFA80AE82,2.0
22B79153EA6F,2.0
81E072350B09,2.0
A2EED30DD075,2.0
73349249009F,3.0
26078C934E0F,2.0
44564292521C,2.0
5902D762C891,2.0
ED9D9110D244,2.0
4ED769B5CE44,2.0
83FA1948A3F4,2.0
2852B3901C86,2.0
9922F6B9A55B,2.0
11F755EAC4A3,2.0
BAA77B0FC943,2.0
25FCAC7AE925,2.0
567BBCE898DA,2.0
D6D4A77F4AAA,2.0
F65618376429,2.0
4237C276C527,2.0
965C95685E5C,2.0
5.46E+11,2.0
8E73ED6F2FCC,2.0
70D2F22E29D4,3.0
0DD93F825FD7,2.0
61D5DB6C54F7,3.0
BAFC5102D2F5,2.0
A2687DC4AC9F,2.0
F11C0DCB69A5,2.0
4F7F24918F42,2.0
EC6E2D618E20,2.0
F1F3B4EA6FC4,2.0
D284AB2165C8,2.0
0DCB7902B34F,2.0
69A0715FA8A5,3.0
F2C57EEEF02C,2.0
E7FA6EEDDB35,2.0
05CE48E8193E,3.0
8074C54F2B87,2.0
DF082C5AC45E,2.0
FED2903D0697,2.0
F9807DE48A3B,2.0
D9376FA15233,2.0
D2851DC6AF41,2.0
89085CAAC57D,2.0
66F260DFB436,2.0
234703963FB1,2.0
6F7FB6CD2C11,2.0
A4C42F2B3A57,2.0
59F2BDA00C0B,3.0
99B1B779603C,2.0
9854782DAC30,2.0
557DD5E4BAAD,2.0
3697185C117D,2.0
771C64337FED,1
FA7634A1120E,2.0
9D53E0729D4B,2.0
FF30791C1A12,2.0
FC3E4DED2064,2.0
E3B3792EFF86,2.0
334B7E750FA3,2.0
45D156498F73,3.0
58D5E21C7B46,2.0
945CCBB52DED,2.0
CBAA8BE6A251,2.0
67BC1B7863C7,2.0
F3C678637DCE,3.0
85B9EC70F26C,1
2A90C50AFFE8,2.0
203C3C0F1250,3.0
636811ED1516,2.0
CFBD2C719F96,2.0
992341DBA92A,2.0
094846B07DAE,2.0
C1EEE9150AE1,2.0
2F03115999F1,3.0
84E693790A66,2.0
C4116C4965BB,2.0
8E5816188853,2.0
21B36063F60D,2.0
74CA2200A7FB,2.0
945DC098A326,2.0
886B98C32CAC,2.0
23972FBA1934,2.0
77CD03AA7E0F,2.0
AB811AA2AB4A,2.0
6.78E+11,2.0
FEFB6689114B,2.0
DE6623432646,3.0
7970C0236A1F,2.0
3AD6264469AF,2.0
443597A6A71D,3.0
5FA8C1D30129,3.0
A01A09B4DF9A,2.0
C4E882FAAD67,2.0
6F7CCB64354C,2.0
39F74566F1AA,2.0
89FCD2B81990,3.0
7E7BE5817CF8,2.0
9CC56462B5A0,2.0
4A81C9528150,3.0
291D2BC7F86A,3.0
B53910E9E75D,2.0
271CBAA44AC3,2.0
3BA2029AFBC0,2.0
6E6B1C6D559E,2.0
3A608246043A,2.0
BE04A735B0C5,2.0
E6CC884A31A5,3.0
05A7516C1381,3.0
753E320B186B,1
F6CFA4C7247B,2.0
294167CBC710,2.0
1CB94A9B77DC,2.0
FF5969F5A2EB,3.0
AA871DB1926F,2.0
73886FC7FAA1,2.0
ECAE91FCDDB4,2.0
B16710F91588,2.0
60E686BA1E09,2.0
18AC57CFB338,3.0
34CC756C2707,2.0
C94CAA3F0326,2.0
9F5A37599E7B,2.0
EAE7CF099F45,2.0
60FFF26260C1,2.0
CA582B3F191F,2.0
89D979169B57,2.0
66DAD8E6EAE2,2.0
E71015CFD95C,2.0
709BFAD9491B,2.0
7E2EF53A56BC,3.0
8A16C162C867,2.0
E286AD066204,3.0
3B5EE97C7C53,2.0
DFE90DC3F01F,3.0
3F1D5295B714,3.0
22DB84B437CC,3.0
9C95376E8F12,2.0
724CFBF0B317,2.0
3A551777EB81,2.0
479346DE1EF6,2.0
8E634C8CED65,2.0
6F42C966C4A5,2.0
DDB51D1B4A5F,2.0
8579CD3051BD,2.0
298E5C25E843,2.0
1271164467DA,2.0
C4A4762D911B,3.0
0E49EB72AAA4,3.0
17C7C1CAF7E8,2.0
6B3928312718,3.0
13154AD7E3C6,2.0
8175DAF201D2,2.0
D58890A4F68C,2.0
A5EBFBC5AF50,2.0
BB046BD5FF1A,2.0
ED321E901AC7,2.0
03C54838ED36,2.0
45CAF3C40DE5,2.0
BEE6B76959CE,3.0
AB7706113077,2.0
EBDA2869DB6D,2.0
2037D9236C4C,2.0
F304843E97FC,2.0
B8CC1DAB4D12,2.0
346078C1BCA3,2.0
0DE289C21258,2.0
F3B70ABB2A6D,2.0
79F15B520AB4,1
15AF4A9F9C73,3.0
02AF09F3BBA8,2.0
CC5894978F31,2.0
C19E458F78DC,2.0
C55E6B929C19,2.0
34E1D0E60106,2.0
52019494C425,2.0
19B16F9A359F,2.0
62BF23872BFE,2.0
397EE421C84E,2.0
BDA93024CF81,2.0
780059E1EF1F,2.0
F96A3EF91F47,2.0
75106A609450,2.0
24C584D3D271,2.0
08BFFA9AD871,2.0
CA72B4219DD8,2.0
0184ED9B19B9,3.0
2440CD90B084,2.0
3741469BB646,2.0
DE6CBD4032CF,2.0
E49CCE901992,2.0
3A2DF1C23374,2.0
2D873DF47CBD,2.0
1AA901C2E32E,2.0
F8ECBEE8609E,2.0
6EA927368020,2.0
BC7CD211742E,2.0
E6C2FD3578B3,2.0
CEBF723595CF,1
75614E82027E,2.0
E8B7708CFA87,2.0
F9D68CC43263,2.0
8952A4E6AACF,2.0
49D1E60EB808,2.0
CC50C8238771,2.0
E0BBCFF37E53,2.0
E764AE42E050,2.0
207B0FEB5BEF,3.0
665A2D50F034,2.0
67E5376117EF,2.0
13CFDB110C7C,2.0
5CD0BB5FEB59,2.0
0DDCDF0E23E2,2.0
E58C0FE24A2A,2.0
71C866E275D9,2.0
5DD49B415BED,2.0
16ED068B7F2A,2.0
C1F190E125B7,2.0
C3422BCCE00F,2.0
159CB166349B,3.0
C1AD06518697,2.0
C19BF84E54AF,2.0
90B7EBED2F5E,2.0
8FE284BA4D25,2.0
72964A81A10C,2.0
41A159819E12,2.0
9C19DBD7E37F,2.0
8B9D13065168,2.0
3B3D06A95461,2.0
1D459BD1F763,2.0
AE4A6DE0EE74,2.0
E81B50098AAC,2.0
D3D26D91D279,2.0
C8541AA8136A,2.0
1E161ADF2ECB,2.0
5553B03E281F,2.0
5E1DC9D62201,2.0
9A14DA33B8EC,2.0
73D03C57B29E,3.0
A52CA9B55339,2.0
7F7FC791C2CB,2.0
2D9C280D296E,3.0
75F898F291C7,2.0
D2ED07A7CE6C,2.0
7A40839A44E2,2.0
DBE4FF1CA803,1
ECF6C77511E0,3.0
9BE522EE641E,2.0
03990A4F67B4,2.0
F3CFE66F8908,2.0
96B8F7A4DAB9,2.0
6B9A69F6E448,2.0
CB0F10A7C73C,2.0
60604062ECE8,2.0
11B3C3C9D157,2.0
A21A69767BEE,2.0
4AC3EAD1FF0A,2.0
E7F690722E68,2.0
75F35B39F4AA,2.0
9B968665218F,2.0
192A27F0608C,2.0
BBF9F4C1E46A,3.0
ECE0D33B9B85,2.0
8614BB3690FA,3.0
A25EE918057D,2.0
4A383338D870,2.0
65688F5C5F82,2.0
1A04C4505577,3.0
760272F05BCE,2.0
4964B68FAED6,2.0
A88A21A1B19E,2.0
51C198B6E6A9,2.0
F80D0FC7C766,2.0
C290EA8C6F2D,2.0
F52B9A0882BB,2.0
844785BC63EE,2.0
09CB71A747DF,3.0
F73ADEA6A74B,2.0
B5838ACCDBA5,2.0
32174EBD625E,2.0
1.97E+11,2.0
86C9BF9B89A7,2.0
C06F12B6FC3F,3.0
459F27598FA9,2.0
83AFAA560A83,2.0
706F6F7F5612,2.0
7B000D776D89,2.0
19EA99155FB8,2.0
BB3E600B4BCA,2.0
1A3F28A5381F,3.0
7FA0313E733E,2.0
12DB0A4C8044,2.0
46A92C87B030,3.0
76015F0D0396,2.0
216896F62055,2.0
F566EA761D0E,3.0
02F01A6790C1,2.0
0000D23A521A,2.0
C6204A4BFD65,2.0
4DD8BBCE5A0C,3.0
63687EA6EB28,2.0
A737705B81A4,2.0
8619A1A29C42,2.0
1D5959F82AF5,3.0
4A1129DCDB0A,2.0
4D772EDF3C34,2.0
F7EF0A4E3499,2.0
3AD4E35CBBA8,2.0
322B33C931CA,2.0
B1EF45488EA7,2.0
63FD0F019B15,2.0
2EB9ED6FD3AB,2.0
7788EA043A3B,2.0
D7D4F8C7FDFD,2.0
7A143C2BC7F9,2.0
A817A13D651B,2.0
EE31AC5445C7,2.0
277530A14E18,2.0
3B307DE42BA2,2.0
4035895B0901,2.0
E28D26173387,3.0
613F7E6BE241,2.0
36A126CF8658,2.0
234B430EDAEE,2.0
23CE04ED9655,2.0
546C0401D25D,2.0
B60F7934AD0D,2.0
93F44C7E955A,2.0
FD1869C76891,2.0
563CFF34D6FE,2.0
AA0A9E13DB81,2.0
EC145DC83EBE,2.0
FB501A408B8A,2.0
EB793B72A8C4,2.0
CE04D4F7AFFA,3.0
389471556AB9,2.0
DA025E83C104,2.0
E43EC35834FB,2.0
EFFD8A57686B,2.0
24BEAC89CB5E,2.0
96E0F82A7BCF,3.0
608E2E406B74,2.0
D0279F114F87,2.0
159FA6D54C9B,2.0
6120612BAC0D,2.0
A7A6EB68B7DA,2.0
E7E7F9BA0F30,3.0
B865F245D86B,2.0
6A262FE09D0B,2.0
FC66DF75DFDE,2.0
A7D77A7A09E0,2.0
34F995479008,2.0
C7142A26576B,2.0
C36DCD0FD1AE,2.0
B7BA180EB8FF,2.0
D76B29EEF706,2.0
976ADB7CAC5A,2.0
F4F8050544C6,2.0
2D7801A4C987,2.0
62049767E58C,3.0
7CF24BC81BE6,2.0
2A1267B9AD16,2.0
FF2FC2AD8675,2.0
9446B19E4B04,2.0
E40CC4AF740E,2.0
EE6FAC759013,3.0
A54A8A6E1AB8,2.0
DA3B68ED05FE,2.0
61112AD2A25E,2.0
6C85412FCB05,2.0
7FCD6903A35B,1
A1975B6DDD44,2.0
41663F4E0666,2.0
828F31F78F78,2.0
BBDD46456082,2.0
504CC3493DAF,2.0
68FA8E38F667,2.0
99DB34D2A945,2.0
4B71D791FF12,2.0
FBB35C3EF339,2.0
41753A31F964,2.0
5FD82A1B4A55,2.0
1D0ED4D5C9D9,2.0
1F8987BC7DAC,2.0
48D1D86D5110,2.0
5A937340D387,2.0
AB3053E08AEC,2.0
649807ACDD9F,2.0
D9CBC711CDF0,2.0
E94D34A2BA81,2.0
8BB4FACB073C,2.0
06699F123D6B,3.0
D9E20EC397C6,2.0
1.51E+11,2.0
1424DEF8AEA5,2.0
E55C5624FD0E,3.0
E98DC00E84A5,2.0
553A7E9B393C,2.0
2FF01AA49B76,2.0
E3D6D79EA71F,3.0
66EAC5C59580,2.0
43A31088BEDF,2.0
57280EFE34F4,1
9F555ED5E03A,2.0
DDCA6CA6430E,2.0
516AB39D09E8,2.0
348C415DE78D,2.0
EAF462A84CEC,2.0
FEE59DA64E91,2.0
8EBF990F1622,2.0
E8D0E2444ADD,2.0
C48A5F0197E5,2.0
9FA8391D4B9E,2.0
6DA56FC5AEFD,2.0
DB9838545463,2.0
CA04119154FF,2.0
D8E67D87842A,2.0
1F2B26DEF4B4,2.0
957EE90E67F9,2.0
66418ED2289D,2.0
12A0CBA7808B,2.0
9.76E+11,2.0
13D9D5B7BD53,2.0
D058C7DB9BA0,3.0
7A425A58F136,3.0
0A9427BC5C80,2.0
04906D555188,2.0
624586746EB4,2.0
BD88FF0A458D,2.0
D1A866170CEA,2.0
3F51F5840A15,2.0
1BF9FD62E30B,2.0
A572EAD5ADED,2.0
63BC0E332F24,2.0
46299FE45972,2.0
2A4221CE52DC,2.0
2054D2FC64B5,2.0
6C9EE085A021,2.0
FCC96208C967,2.0
CA0BE26915AE,2.0
24E58541E795,2.0
950FBFBDD402,3.0
0C386AFA6EB4,2.0
DC1F229E25E4,2.0
E37D94F9FEB7,2.0
E9363204BCEF,2.0
CBF4EA907772,2.0
F9F927CD8BA2,2.0
1359D3CCD936,3.0
E7276788F5CF,2.0
E02460000D72,2.0
7747C10E8713,2.0
9C52EAA3F005,2.0
6CA3EC0D0FC8,2.0
9631D2A1BB2C,2.0
BDDD49DF0C7D,2.0
F19F66A28B7E,2.0
08D32CC20CAD,2.0
1619E2DEC61A,2.0
270C9CF15B1B,2.0
8C0EA954AEF8,3.0
C28B8FFF66DE,2.0
21B9190393E5,2.0
F6FD47E8BDA2,3.0
7F2C6238F4AA,2.0
C00E1BA4B107,2.0
64403180B6FC,2.0
91EDDCB68A9E,2.0
F8BD33BC0C9B,2.0
4EA97FE40C2A,2.0
5246D89EFDBD,2.0
A615D47180DF,2.0
163EF655C663,2.0
8542D5615740,2.0
3BBF8A0059DE,2.0
2F5CC78714C6,2.0
D08E02A84446,2.0
C03E6E1AF049,2.0
78D1409FFDC7,2.0
E0D39920E805,2.0
589B4F114F53,2.0
40F9DCD1794D,2.0
0F6BC58DCBE0,2.0
6C0382AE2D9C,2.0
757C4090BE0E,3.0
48F2F2876E3D,2.0
86F118F2FFBD,2.0
42026F24F38C,2.0
1EDE0A7134BE,2.0
2976B22ED93F,2.0
DC55E9D28966,2.0
F374D9ED39F8,2.0
81D2AB7CB91D,3.0
20E2A9554CFD,3.0
6A290D8D6729,2.0
B42AFC74C063,2.0
D0CF490A829B,2.0
47D025408E0F,2.0
5934838B26AD,3.0
279E53FA45F6,2.0
1F30B1F276A7,2.0
F197689A74A7,3.0
EECAA6042680,3.0
60772C514A37,2.0
0CD429B703F2,2.0
2FE7098FEF58,2.0
59C0B7954201,3.0
9F50AD214155,2.0
89A1E2B6F0A1,2.0
E8301922006D,2.0
B12531DE8E75,2.0
87055E1EDAC2,3.0
926AD76F8E36,2.0
6F30A0A740AA,2.0
6726B4680CA6,2.0
1AE40323F062,2.0
57E8161AEF27,2.0
129B6269E8D3,2.0
AF3A719533E9,2.0
2FAE6DFF45F1,2.0
F9E1CD296FF3,2.0
E20909405FED,2.0
7ED2B0ACB79B,2.0
8290407C0F6B,3.0
9677669AA32B,2.0
FCBE588E47E4,2.0
FF9FBDF88EAF,3.0
A92899103F3B,2.0
23C653E16CC8,2.0
EB29E13CF6D7,2.0
0D359BCEE452,2.0
C086B02B3B90,2.0
444BAFC4DB80,2.0
75A613E09762,2.0
118B49290D01,2.0
F2FA27A84BE6,3.0
BEAA8D8A3EFD,1
0D8FC1065453,2.0
AE4E01E44C0F,2.0
8EA275CFABF8,2.0
0CAF8CEA967C,3.0
678247627A95,2.0
D58A10234F6A,3.0
F19896E2D232,2.0
0E550CD08832,2.0
B7D35EEA97FF,2.0
2ECCE525D35D,2.0
261410C78D28,2.0
E1DDD9115527,2.0
3DF5A2A43424,2.0
9DE0959F746D,2.0
A87882E3DD41,2.0
07AB5218B889,2.0
0756FE811833,2.0
1A88DC345340,2.0
A057440C16FE,3.0
FD5347E3C97B,2.0
4CF7B1470033,2.0
C1F74C98535E,2.0
1286593ACB5A,2.0
8FE60434BEFF,2.0
220A0FBD8ABC,2.0
E9E78F65AF52,2.0
94ADD986E4CA,2.0
02191229FCF9,2.0
03C5A2D6D81B,2.0
7ABE298D9C05,3.0
D94F579CFD16,2.0
920E71AABE39,2.0
D1D2E4C3B315,2.0
C9B06B12D9F8,2.0
455C891CB795,2.0
4.97E+11,2.0
BC17CDFA8BF7,2.0
78668D3769A3,3.0
4EACC56E424C,3.0
900946DF525A,2.0
998C7E979AC6,2.0
B970F5895E51,2.0
BBB54BC8F12C,3.0
0F0059FAAF36,2.0
646F2F3D2BAF,2.0
B7BD2B00214C,2.0
14D4B556B3A2,2.0
26981B151FD2,2.0
36D263A9ECC7,2.0
E1D90A25415D,2.0
A4F6C07D57FB,2.0
7A86A98F3909,2.0
5B3E6305E122,2.0
AED97F3F4621,2.0
4BC315571C9C,2.0
108CCC90A2FB,2.0
193591CD2E86,2.0
D03194D9A636,2.0
A0F853DB728E,2.0
33E67D072963,2.0
94C2AC40437B,2.0
E5C8A407F6EE,3.0
C992A8A4B4DE,2.0
B6EEC01CA171,2.0
A8683674019F,2.0
F29B97D1EC0D,2.0
3ADF2D3323BE,2.0
4B6C254FEE39,3.0
B60E0310BEBE,2.0
3F1F0EDF0BA4,2.0
0191274639A4,2.0
DDFF2C1D1A58,3.0
7ED6F7BA72F9,2.0
96F35382463E,2.0
52F5C4141DD6,2.0
8C72937FEEAF,2.0
7B77B6E76249,2.0
97D41DF89A0B,2.0
8CC4CD61A265,2.0
5448F119688D,2.0
373F73E9E830,3.0
53653D0A6CBD,2.0
06FD663140DF,2.0
D0D8311DFC48,2.0
7044BE538016,2.0
B02AD8EE0DF0,2.0
D6B4B647FC25,2.0
6FA60DAF689D,3.0
864C2D595DF7,3.0
F35BE53F93D9,2.0
DB6C27832C62,3.0
0CE540C7BD91,2.0
9F516900789A,2.0
320FD601DD64,1
0A2A6855DE4F,2.0
8AE5010A7F84,2.0
6DA050124183,3.0
9E3FF1CEDAC1,3.0
83810CEDAE01,2.0
37B2B196F7C5,2.0
64BD20F9CCC8,2.0
A7E8DA7C1247,2.0
366BB66B5A89,2.0
415672DB1873,2.0
0A058E762E78,2.0
A28E9B475935,2.0
16FE5612C66E,3.0
FAB1ECF9140E,2.0
2D5D5906C145,2.0
EFB450A2F170,2.0
C05260A6CA94,2.0
4596F3FF46D4,2.0
92B3507F1C12,2.0
74A95DB15E93,2.0
AE73ACFF22BC,2.0
05C8C18D341B,2.0
D7445DE18A83,2.0
F949490671FA,3.0
259C732E5942,2.0
78AF7BDB9CE8,3.0
406C2869DA00,2.0
ADD81915FD58,3.0
7A3F714356D9,2.0
1561823BC14C,2.0
BBE5305DAE8E,3.0
11E6789F50B7,3.0
1303E2054A57,2.0
7B9DF5C4ADBD,2.0
B3B624F3F792,2.0
49EE396B474E,2.0
4E163434729E,2.0
1408E7EF8C22,2.0
A9D4A57ADCBA,3.0
534B7D65F1BC,2.0
F9BE4676CA35,2.0
5D438CA4AE18,3.0
AD172AE23CAC,2.0
2C3911F2CA28,2.0
C1F52F0473A1,2.0
9FC63A1DE240,2.0
C42978129AAC,2.0
9F83C5864EB0,2.0
7C292E2460D5,3.0
AF1366A47AFE,2.0
663555E90485,2.0
6572A07804F5,2.0
2A5D14A17747,2.0
5CBABB7D3A65,2.0
D9B85CAE8834,2.0
BA1E2A47DC1B,2.0
E792CBEB06C5,2.0
31465D2CACDF,2.0
E9572AFBB5A5,3.0
A8477186CCB4,2.0
A0938A136F0A,2.0
CA8264D7097C,2.0
26BF9C028BF5,3.0
816848B7D46E,2.0
391FDAA58AA0,2.0
B18624117239,2.0
0D89C8189022,2.0
5402D8B83297,2.0
E6593B7BFBEB,2.0
35CCD442A9A1,2.0
24F3C6CAE486,2.0
013692FA66AF,2.0
505DBCB27320,2.0
51783D3C9884,2.0
9F5CE92025D3,3.0
85EB8DC94BD0,2.0
C6EF9DDBAA4C,2.0
82F1B8436E48,2.0
106B97B0C429,2.0
7EEC55B04308,2.0
B2E506EF36B1,2.0
F35B9DF59922,2.0
360DAF43CFF9,2.0
8C8AC3D7768E,2.0
F1CE49620429,3.0
1EF3F333D2C4,2.0
70BDFAE53B55,1
7BE2D386E765,2.0
B3D863372D3A,2.0
143749D01266,2.0
876EB8B99AC6,2.0
38A2C791ECDD,2.0
AFEEFDBDDBDF,2.0
50D262EA8ADB,3.0
1E9381C4D69A,3.0
8A142C377525,2.0
561B40558116,2.0
C1B1FC1F48AB,2.0
4DE033202375,1
0773E9F53084,2.0
5AAE43F07F55,2.0
86D79F272847,2.0
D38424C495CE,2.0
7903205CD088,2.0
62A5873FD2BC,2.0
D26D8E38326A,3.0
E353EF820872,3.0
7CBE4BE90A28,2.0
389752B5BECF,2.0
4AB030046F42,3.0
1D917FDFADF7,2.0
5054EC6BA14D,2.0
3DA49C7B4B14,2.0
616F112B59F4,2.0
99CAD0AF3560,2.0
C9C6D699BCEA,2.0
1EDE60604F6F,2.0
6D5A2CAEE924,2.0
7BE3FAF66A0C,2.0
088F2E69E2BB,2.0
00BD97EA4041,2.0
6A3C01F7BA90,2.0
74FFF7DC9E4B,2.0
A247A5FCE34B,2.0
24AB166876CE,2.0
A7642F5617E0,2.0
5386EFF0884C,2.0
66F80E57BA95,2.0
F284AE52B3E1,2.0
2439596F6AF3,2.0
AE84AD104718,3.0
7CE8F3872E67,2.0
907CA5724D42,2.0
08482C3DA43A,2.0
6141232BA814,2.0
F468F20B31EE,2.0
9E6F70058AC8,2.0
489CCED96F76,3.0
439F5C311FE2,2.0
E45CEA133E14,2.0
5EC2696BAD78,2.0
D496BF3A284F,2.0
7628CCDFDC3A,2.0
900A879708F0,2.0
C2F236614921,2.0
07AFC0BB896C,2.0
30E611671A72,2.0
9B0FE1456518,2.0
B083862AF3B4,2.0
ECE1DAD2A886,2.0
5FD1A8FB7F6C,2.0
5064B800F60F,2.0
091AA1C56303,2.0
8B58FBDF6414,2.0
5.15E+11,2.0
6208F1920B19,2.0
B3C454E2E3E0,2.0
D62A95479978,2.0
FA1E56F220C0,2.0
9207F5E4EA09,2.0
0222CB9AEFFC,2.0
DC413B3E47E2,2.0
1B00384D13C7,2.0
68989269D0E2,2.0
1C29F0363194,3.0
9EBE1DC9D4A7,2.0
B8588FFF0828,2.0
5D8D138D23ED,2.0
5A51FC731752,2.0
7DEC1A5C316D,2.0
B51FB7EF1F85,2.0
0B230FDC1D8E,2.0
A827D5DE2309,2.0
8C4C4B2F2366,2.0
4.28E+11,2.0
341C1F4D29F1,2.0
BDEEF1C21803,2.0
A8559152A433,2.0
8192F4D79528,3.0
5B75C046C9CD,1
7308002F6523,2.0
FE40A50DF994,2.0
6378687D8628,2.0
160D4AE46A61,2.0
53AFB23F2879,2.0
8799ED61A608,3.0
3389995864AB,2.0
2FDF1D055178,2.0
F7AE3F6BE6AB,3.0
B046369E5206,2.0
7172C3C82401,2.0
1FA0FEE9D92E,2.0
06DDAA4EB60C,2.0
2C276911E448,3.0
F986BF53A8AD,2.0
6BD7D456AAD6,2.0
E341A9A188EB,3.0
4676279E486E,2.0
D93BADC352CF,2.0
042F1ABC1DC7,2.0
A89EDCE829DA,2.0
2E161B99DEE3,2.0
B3BBBAE51416,2.0
25325F09BF85,2.0
F63F47E95B90,2.0
DD0F3E7B4DDE,2.0
85E7465A250B,2.0
075ACD93F7FA,2.0
C0D5B326CADE,2.0
6ADE59423D69,2.0
45BE83DEE3ED,2.0
BF21BDA4FD7B,2.0
DF3129DC1969,3.0
05EC08C05019,2.0
38EE63B226BA,2.0
61607C674FA3,2.0
04042B33F470,2.0
BD45F6A61711,1
D134E4B81DBD,2.0
373296FE6FB4,2.0
242E9BA55C0C,2.0
77C96D44E42C,2.0
2E86ACD1A766,2.0
06F37AF3F52A,1
4886EA04CCB8,2.0
82ED6087717D,2.0
D8DBF197A624,3.0
BBDA39C84AF7,2.0
2AFDDA4D5D6F,2.0
F182602F7221,2.0
F36AF3EF5FA8,3.0
32834C842C36,2.0
2B5560516314,2.0
CB8523849A13,2.0
85417E9C78E7,2.0
EF160D7F80A4,2.0
FCF6588BC52B,2.0
D8C47A7C4F39,3.0
32DE1F864413,2.0
81F537995AC6,2.0
CA78C2D08935,2.0
DCB80D17A96A,2.0
2BE944782131,2.0
4465723B5B4D,2.0
952CB87D4897,2.0
481D89A228B3,2.0
13B371557529,2.0
F1982187FCC1,2.0
06D6C0804BFF,2.0
84FFEF07FB0D,2.0
44DDD4D88456,2.0
1230F23889EE,2.0
996FD5290FB3,2.0
B8476CE22AF9,2.0
0BF56A2681D3,2.0
415367DCB6DE,2.0
37AD4F1C1FA1,2.0
3671DB5110C0,2.0
9D7DC07877A6,2.0
9673DC993C25,2.0
086603D5B319,2.0
3EB9DF974C8F,2.0
3C3CE6AF1292,2.0
A5C0F9067500,2.0
943421D61935,2.0
7BBC565EFE33,2.0
1B2E72AE87B6,2.0
D2E3A806B00D,2.0
29710DAB0A1A,2.0
CA79F1AAB238,2.0
9AF39AF24661,3.0
3687CDF4389C,2.0
37FED48BEDBD,2.0
AB60653E4DF4,2.0
6504F77A1674,2.0
51862B10529B,2.0
73A7CE028611,3.0
D4375D1ECD7D,2.0
0B25AA5D6644,2.0
80619550D955,2.0
2E25F9F0DED6,3.0
0054DD9BDFC7,2.0
A259C546B828,2.0
FA8735E99D14,2.0
7C06DE3320C2,2.0
24A7D362E0CF,2.0
44AA492BFED7,2.0
3321A3E87AD3,2.0
E9415526F0C1,2.0
86ECAB8EBD38,2.0
40C7F7443AB0,2.0
16ED1E19CD0B,2.0
85C59A962C03,2.0
62358D021011,2.0
F8CDAD03758D,2.0
4660CE6F0FB5,2.0
E7D7A233ED11,3.0
DE1F754CF5BF,2.0
2BE610C1DBC9,2.0
5F897C00DB43,3.0
49DAFCE2F2C0,2.0
9378439A9F12,2.0
1683314A34F5,2.0
97BB5ABEBCB1,2.0
2D991610AC9C,2.0
8CAB591721EC,2.0
E6D105874F5D,2.0
A091ADA0095F,3.0
637F17D96F48,2.0
F0740AF01F22,2.0
6C633E9AAFC3,2.0
D0271506EDE4,2.0
46018A418B66,2.0
E70FDC4A9010,2.0
ACF0A39D73D8,2.0
18DFC8ABFA92,2.0
6FA07BBCDE53,2.0
18A22DA09EF0,3.0
D3CFD3E68F27,2.0
A620127943B6,2.0
7F08C48D40F8,2.0
0ED884A28D3B,2.0
6.15E+11,2.0
E72093FC00DD,2.0
783BF2A32C8E,2.0
DD611D7D21FB,2.0
861415804BB0,2.0
75B0089FBE2D,2.0
89E73E0B8EF5,3.0
4EEC2BC4E65C,2.0
CF0869D8847B,2.0
58A457A5CC45,2.0
C374AC1D9119,2.0
EBBC9006CE52,2.0
9638A0515968,2.0
43F92C43EB64,2.0
0A373C01EAD7,2.0
BE26EC99E7F5,2.0
04C90EF1C88A,2.0
7003B12B37B9,2.0
93F5F89369D9,2.0
A2E37BB8E275,3.0
49129082FB86,2.0
4AC9BAD558C7,2.0
AF6AAEDF7F48,2.0
7D6824D0C102,2.0
C08F1994B248,3.0
6091E0A4ED7B,2.0
FF3F4514BF85,2.0
41CAD080DC9D,2.0
B7EF8F40B761,2.0
B365484CCA8F,2.0
D4F826201416,2.0
FF9D59031835,2.0
5F26913D0F6A,2.0
D1C348E61565,2.0
4D0233F6C1E8,2.0
03755AB0A62C,2.0
771C8CAD2E80,2.0
A1CDD5F607CF,3.0
4CC422B5E710,2.0
5153133CE3CA,2.0
B40E695539A0,2.0
80D5ECB994F3,2.0
0A1890ABABEB,2.0
117FFA9B4B12,2.0
0802AEA16E9F,3.0
73769C2D4519,2.0
06FC98543F31,2.0
DABEF78A3A24,2.0
52779E469111,2.0
FFF964B8ACC0,2.0
413AE4A36667,2.0
EE3B284C78F0,2.0
DB9DFF9D847C,3.0
B9E4540497AA,2.0
3449EE90652F,2.0
39DCB6EF34D9,2.0
01604A97F0C3,2.0
7FF913791DB0,2.0
FD25669DB7FE,2.0
C0585BD7CC08,2.0
11DE2050A727,2.0
BE479C796811,2.0
EA66CD458EE1,2.0
748AF6AED4DB,2.0
DC5BBE514ECE,2.0
B6F03D0CEABE,2.0
0B8629C697D5,2.0
80775B24D800,2.0
DB3351F815E2,2.0
2B2BA9FC021C,2.0
679DC940206E,2.0
489F5F100D9C,2.0
8C3943289925,2.0
1AB5B729BF96,2.0
2ADA57CB855C,2.0
D7C2B2B6B181,2.0
CFCA2A951F8C,2.0
645F487BC835,2.0
FA4FE7706A1A,2.0
A1B9570B6749,2.0
00C843E757F4,2.0
2EE82B77E7E8,2.0
3214BA8B26E6,2.0
260D9A25B1C9,2.0
F5F07E4D62C9,2.0
17CACE60D9A0,2.0
91CD65156E4B,2.0
D48813812333,2.0
CA0D04C09E69,2.0
6D7FF613393A,2.0
6F101B276EB1,3.0
D9C7239183B8,2.0
4A10B3C41630,2.0
4E0C8B6B069B,1
9421C2BAB52A,2.0
B34F39598C5D,2.0
5731B20FE69D,2.0
64EE7AB92E51,2.0
DD586A625C89,2.0
883D374AC02F,2.0
7572D2FA0521,2.0
36246752B6F8,2.0
90B0118A8C55,2.0
4EE1B353819F,2.0
A32A838D1C3F,2.0
27E6536433B9,2.0
8A10A65857EE,2.0
F2D460AF3FEF,1
C21E1457C1D4,2.0
9ABD5B7DD107,2.0
6E67381CC535,2.0
85B74EF4E441,2.0
DC0D4BED5690,2.0
F497369C41C2,2.0
09B399F7736B,2.0
C36FC4CCA47F,2.0
A4D269D38816,2.0
A197F806756C,2.0
10A14A7397FB,2.0
F8E7219C3DD3,2.0
CB02DCCE6F0C,2.0
00C2C86DCC23,2.0
EDDFFD34DBD4,2.0
AB831D6AD78A,3.0
E4E9CB27B89F,2.0
9158A6D098B7,3.0
3DCB4591B077,2.0
C32DE5F18B26,3.0
19A91E9484CD,2.0
C9408D6689CF,2.0
803FCF571644,3.0
17025BA7A3B3,1
3C14CA2CD7B0,2.0
722C2FA2FA0E,3.0
88E8922B2650,2.0
44588DAF5A33,2.0
E4196C7BE2AF,2.0
55BD1573CCB6,3.0
EDE0E6181F61,2.0
43E43F7BF502,2.0
5F3D6FB9F6A0,2.0
CE080C7C454B,2.0
40FDE82C864D,2.0
2B03097B591C,2.0
80D1357B10A0,2.0
BAC9D8631137,3.0
0A7BE40C2E4C,2.0
CAD4163FACC6,2.0
DCC759FDB81B,2.0
2158A5D15F84,2.0
551EABF9838C,3.0
3CE85742FADE,2.0
B87E8822B2D2,2.0
756D1A1C92B8,2.0
93AE46205ED2,2.0
2579DC590809,2.0
C6C21C855774,3.0
E8E27F3D811B,3.0
FF31066811BF,2.0
F8F1F70A38AE,2.0
9E3359EBC812,2.0
EA23D3F94AFF,2.0
1593C646C1EA,2.0
5F5484473F07,2.0
66CD59D78A9B,2.0
366C5FD84896,2.0
43A603645B8A,2.0
22ECC2FD37EE,2.0
551064A99CC3,2.0
0A3B9F2A2DA7,2.0
CEF0C5CAF87F,2.0
6E8B43214951,2.0
741FFFDDE817,2.0
F2D6B8E26072,2.0
341E5F3A9093,2.0
F55EF5BB5CB9,1
37334F0182B8,2.0
B74EC94193F8,2.0
B6695545FC89,2.0
9222974EDC10,2.0
0BAA5F009116,2.0
B866BB794434,2.0
1D92661C7CB9,2.0
76FB1AA37D97,2.0
FF020ED4A1D4,2.0
F3C35E790698,3.0
ECFF63C8CC8C,1
3821238FE334,2.0
3FD62131C5BC,3.0
9F398ECA9C9B,2.0
9E698FBA95D6,2.0
63F4D4192E13,2.0
196B4ED6FA4F,2.0
B2DBC0B3AD67,2.0
90F9C06E19BC,1
5299B858C8EC,2.0
4EFC8F589A83,2.0
19A01FCD9C30,2.0
15C47E28278D,2.0
8105CDA99A3C,1
EF478C3A8264,3.0
A4BBC75728EF,2.0
E02996F52144,2.0
E459550BB511,2.0
D49E57AFD1D1,2.0
1306DBD7573C,3.0
E6189612100C,2.0
F82FA4181D92,2.0
E49A2A338F6F,2.0
136B9BDB53E0,3.0
EC7C81E59E9E,2.0
63C99FAA6547,2.0
317BC7AD88EF,2.0
27D3919AEAE2,2.0
51E211998DF0,2.0
6150E2E5C088,2.0
7D83374556C1,2.0
9DB1AA4819AD,3.0
8B5B15211390,2.0
57691ED21F01,2.0
9F34600E756D,2.0
5441B7ECF4ED,3.0
FBE1AE6C96D0,2.0
0F5879D60008,2.0
6100B2E44919,2.0
29F61F8EACF0,3.0
FF410031A764,2.0
4F2C6D1D9AF1,2.0
781EB1109B99,2.0
EA4E657091C9,1
DDC53C7B5B42,2.0
D85BF31FDBB1,3.0
A1F6D5360E2C,3.0
068F206FE4F8,2.0
504FFF4C522D,2.0
0E24F8C90CFB,2.0
F6BD9804DD63,2.0
CFF21231DFEC,2.0
6A19B9DAF853,2.0
3EAC832BAB92,2.0
15C323D7E59D,2.0
43A4DCBC26BB,2.0
7DBD4EBDC0E6,2.0
C21F5FA26FC7,2.0
C641540D00F1,2.0
0A6F7ECC5B8F,2.0
54CCF07F322A,3.0
4A7D8E9EE8FC,2.0
25269EB7FE0D,2.0
FBBA8C2C378A,2.0
B42C80CF7718,2.0
DC430F1F553A,2.0
16D1A7B1BC84,2.0
9608614D166E,3.0
0045BE2791A2,2.0
131DA85211F7,2.0
881C594055EB,2.0
F2B0AA10A7C9,2.0
EE3BABC4649F,2.0
AA12243C8371,2.0
2945D26BEE91,2.0
ABF484B46756,3.0
D8B1428C9C49,2.0
AB127AC65E33,2.0
28CA29BE678E,3.0
0242719E9969,1
6D027100AAF3,2.0
8899953FD4E5,2.0
691DF95F51C3,2.0
9E4100586EDC,3.0
7429789954ED,2.0
8EBD6FAE257F,2.0
149E8C278863,3.0
6DFF43AD5171,2.0
2E0478042A1F,2.0
FA34C91658A9,2.0
BA71F335957F,2.0
7F1905176793,2.0
F45B396E0A01,2.0
27132DEB3498,2.0
EA1B8288F9F4,2.0
2D9010823094,2.0
3C442451101C,2.0
05528E85EA1B,2.0
B9E26FE6A3D7,2.0
7A3A7759421C,2.0
398D1E26AA89,2.0
672DB1A41215,2.0
7BC672095230,3.0
4EBA44D861BE,2.0
13EBA3BE41C2,2.0
A5E4E7D50822,2.0
49E85AF686E1,2.0
46C1E19B89C9,2.0
59B20B627F41,2.0
206668BD9662,2.0
AF7B46E41545,2.0
8D3CBD2EC1A1,2.0
0175D7EC42C2,2.0
89A768B0EFA2,2.0
32A121824D02,2.0
3D6607FA5531,2.0
ECBACB8EABB8,2.0
82C4862891EF,3.0
502AE921603A,3.0
7F523261B071,2.0
021823AF0384,3.0
56F4DD4B33D1,2.0
5686C7042536,2.0
DEEB40F3A79D,2.0
363F69979EAB,2.0
D90DD44AD992,2.0
02F012AAD5CB,2.0
B7CEDA3843F3,2.0
031EF5A2E0E4,2.0
2F76D50DCF47,2.0
35C1EF0AD877,3.0
1CF48E3DD535,2.0
AA4620DAA6CF,2.0
DD0929BB46D0,2.0
39458542D0DB,2.0
22D4F1298062,2.0
F2F752BC22F9,2.0
908C2884A857,2.0
321FA7E39731,2.0
311682FBF470,2.0
282920A19940,2.0
F5B7F5E745A0,3.0
5356F912E48A,3.0
E62935191079,3.0
C002A99091B1,2.0
66C8EFF0BD08,2.0
111D45750F1E,2.0
29F53618A9F7,2.0
A34F66AA1F99,2.0
7727F4D58387,2.0
045C9829A0F9,2.0
D1200B924E51,2.0
DCEFAC68750A,2.0
05E95229344B,2.0
7C32A43580A5,2.0
2C871443D686,2.0
8E83FB707B87,2.0
7B078F57DA7D,2.0
70B8B9249382,2.0
7E026B760EA0,2.0
548A58E068EB,2.0
7C9C2DF37B67,2.0
367111CA290A,2.0
5EAD3E81CF0E,3.0
6E7883FFDA5E,2.0
CCF3D401ECB1,2.0
D150E09CBC2E,2.0
ECFB72244DAB,2.0
E80FFE6779BE,2.0
12F6CA9D6104,2.0
AA38015B5E93,2.0
0DE08F4053C5,2.0
DEB6EF459B10,2.0
0FC825C2C41F,2.0
77B24A0D87C0,2.0
4A131BB88756,2.0
1136D95D28E7,2.0
F20FACCF5373,2.0
D0CFA816BFB9,2.0
89CFF87ACA7B,2.0
D9436DDEB3C4,2.0
6B0F04C32E08,2.0
FFC02BE9D865,2.0
AA45F6AB9AA9,2.0
17D5674286DA,2.0
42BDAA30E0DE,2.0
41553A472563,2.0
8E1908F2616E,2.0
1BDDA880A886,2.0
146ED0274FC7,2.0
6F72C00FFB71,2.0
FB8E886E748C,2.0
8C62721A56E0,2.0
EE5022C8157C,3.0
0201B7877AD3,2.0
FAA7B824C589,2.0
A4436AA84662,2.0
E1C5F6D592F4,2.0
FABF3E8A5B27,2.0
5203AF1AF353,2.0
4C70917BE924,2.0
D256A4B24F0B,2.0
0C24337CD49E,1
B3A263B00586,2.0
BAC9AD54C0F4,2.0
6AC162B7BF45,2.0
9B9931DF9439,3.0
4EEA97C0A11B,2.0
C1FD53C2F03E,2.0
F3E8A109AE05,2.0
70FA14CF404C,2.0
76021DE6638A,2.0
7BE3B580C5DB,2.0
564FEF97AC52,2.0
D84737B6CDEB,2.0
067A034D38A9,2.0
F905CE2A775A,2.0
20FE40010F03,2.0
43ED52D970B3,2.0
103B05DC95C8,2.0
4907E85DC78A,2.0
B0A2264C9BD9,2.0
060B6D9A9709,1
9F264B4C18F9,2.0
878BE2C1F6FB,2.0
4D8AD3F0A341,2.0
E7BC2C9DDC6E,2.0
AA079BC1923D,2.0
3F59617806D4,2.0
D826F951D496,3.0
3E7E22F53AF4,2.0
D0085EB3F954,2.0
2F60025ED6D0,2.0
ED3DFE4AB197,2.0
764BF089CE9C,3.0
1AEABB720102,2.0
4D1755B1E482,2.0
1C58F2AF08B4,2.0
5C4554F1B319,2.0
32D963437AAA,2.0
7E558B4E7009,2.0
FB5ECCB3FB10,2.0
52FF8CCF70E8,2.0
786C86C9ACFE,2.0
2BE74BE251FE,2.0
71D3F6E61C14,2.0
59E7F08554FC,2.0
A603DBD5D182,3.0
10BE8DD83F81,2.0
4F694E02BFD3,2.0
33FFF620DDD8,2.0
8A63149E402C,2.0
65E9951C2D75,2.0
1777FB4DAD97,2.0
DAC38F08D43E,2.0
0701FAC6156A,2.0
D51C211166DD,2.0
0F9E444C9DF7,2.0
41A3FC274B69,2.0
B315886FB571,2.0
968C5FD61184,2.0
A6A21895ADF9,2.0
C1BDFD85234D,2.0
DC25CFE5EACC,2.0
A798DC70F3FC,2.0
F497B058DEB9,2.0
D9AFEF8F5C41,3.0
920DC8B0BC4E,2.0
0CD9C6D5154D,2.0
1A23AD385E6D,2.0
94B72A7C1E6B,2.0
B31F203DB1A8,3.0
C7A6AB427FBE,2.0
6F2A2A9BAB47,2.0
AEE8D73906FE,2.0
44B40D912BE4,2.0
09CC8EB90437,2.0
1D994E88DBB6,2.0
61D13513C992,2.0
CA290993DFBA,2.0
1CCC679F54A2,2.0
6A916423AA6A,3.0
F4072681B524,3.0
47F7E409D879,2.0
40115E5E4653,2.0
DD627EE5CB27,2.0
EC3DE6D436F2,2.0
A09916887199,2.0
D281AB06407F,2.0
903F83DFF8BE,3.0
CBC6BC024F61,2.0
0F1830D67AF9,2.0
BE94CF981273,2.0
457BDFC312A8,2.0
2AF2200F56AC,3.0
75C4CC1ABECF,2.0
0434468D3420,1
92B43D8267C7,2.0
37B8AD6E4D9B,2.0
9550CC8FE928,2.0
578C014A7BBE,2.0
8EEB5226121C,2.0
5459D1AEA59F,2.0
866E03D00129,2.0
D5D31918A943,3.0
D9C076040D83,2.0
FB9CE02393F9,2.0
CDFF554BD4E8,2.0
4FD4CE18CCDF,2.0
BFD53A1B3342,2.0
C1D354F07E03,2.0
42BDE6E6B140,2.0
722412C20BB7,2.0
F43203DF6001,2.0
6A59D543AE54,2.0
E5AFCEF8161C,1
913AA537857D,2.0
CCD4A267FA68,2.0
089CDCA504A1,2.0
15EAD0CC9F3D,2.0
ADDD983D6D5E,2.0
63C72E480CA7,2.0
19AE5A267720,2.0
CEF86741E2C5,2.0
04B0A49C668B,2.0
0A5FBB44DC50,2.0
2.42E+11,2.0
304F363557F4,2.0
F8F52BEF7FD9,2.0
60B9CA06540D,2.0
AF637B7047FB,2.0
B87D9BCAD703,2.0
61294B5B8ADB,2.0
F61E4EF4B4D1,2.0
42EE72CB128A,2.0
670F2243BADC,2.0
3C9EE9C1A2D8,2.0
0EE6F614F2F0,3.0
8E4BBBA4018F,2.0
0D29A98FE8FB,3.0
6C9BC5291AC0,2.0
6D21E6095A62,2.0
CB7C7ED5174A,2.0
EF7B40F9314A,2.0
876DA6B76DDF,2.0
6D5342D9F89C,2.0
E4426C4EBD19,2.0
EFE31525B288,2.0
D2C7D096655F,3.0
1DBCB8082021,3.0
29A8E6DA6F04,3.0
FEBFD34B8021,2.0
DE499912068F,2.0
E74F2616693B,2.0
63BA2005E282,2.0
E1BFD7E344FA,2.0
E97DDC10779B,2.0
0A6E7B9813A4,2.0
CD2E802243FC,2.0
15E235D694BE,2.0
B47AF7F1BAAD,2.0
16DEF72E220A,2.0
7CDF01D1DB32,2.0
44B06B4A6D7E,2.0
D4620A5134E7,3.0
3422F47E5A52,2.0
24E83FA682F8,2.0
F54672352542,2.0
879F248F7934,2.0
D10B149161A1,3.0
2D128C43AE4A,2.0
63C087C70C54,3.0
E6E97420C195,2.0
C9962F63C98A,1
75B94E37D75A,2.0
E7988483480F,2.0
33F3FA5D5BC1,2.0
A1F176C0FF23,2.0
7241A8C1844F,2.0
CC82A1D80D1A,2.0
D6B9D9C293B4,2.0
F463CF95C8EF,2.0
44C84848BBCD,2.0
768D792790F5,3.0
1C04A94F90C4,2.0
6448D313D7CD,2.0
F37464EF4C66,2.0
DF30561FC18B,2.0
F4B8EF210070,2.0
9D00D095FDE7,2.0
4DFD2B09DC1C,2.0
D4F3F12CB5B2,2.0
F6C05963F191,2.0
6F9173D54DD8,2.0
8B05C662379D,2.0
B7625BE2F0E5,2.0
0FC32E083BDE,3.0
D24506D93F4A,2.0
AECE752276B3,2.0
412AE089F07D,2.0
02B4650A5B6D,2.0
53093659491E,2.0
78ACA86DE2DE,2.0
7DE381011700,2.0
885BB9CEB593,2.0
6E6A803B1677,2.0
D198D8C43AD0,2.0
5C9E6CCEAF57,2.0
FEEDB5B924F3,3.0
8B8882C6C6E6,2.0
CAC42EC32F44,2.0
10D09AB4D6C7,2.0
34B565833A33,3.0
54C2B6E93C2F,2.0
A47EBEEF081E,3.0
021FA65557E1,2.0
2D624D740570,2.0
E680D448BBA4,2.0
997CE2289B8D,2.0
9DF4B2596DF0,2.0
C024BE77795B,2.0
F29244150DCB,2.0
99F1B5CB9A4E,2.0
E4303F5DA72C,2.0
1B65222659D1,2.0
7CBC5D57A28B,2.0
217A7429341D,2.0
39AD2FCCD35E,2.0
1287FB93CF6F,2.0
EA8FC87D0CF6,2.0
75852347F2EF,2.0
827DB1A83F7A,1
C20A6EB7FBCA,2.0
7955962D0624,2.0
D2A4C59D44E0,2.0
63714646F1F4,3.0
09AE5FE4E4D9,3.0
55B0C90197A0,2.0
D5FC154349CA,2.0
61722DC84881,2.0
A67B55BDDA6E,2.0
B86C55038B18,2.0
D569BD3E20CD,2.0
00898D9FB10A,3.0
AE1EA7A93322,3.0
057AF0C42467,2.0
286D497ADBEF,1
6C262426791C,2.0
6398767E04C4,2.0
A98400F52348,2.0
DA97EDCE0411,2.0
E20123532A69,2.0
27ACC3AD950F,2.0
C07779BAE4C3,2.0
E82B39E10E69,2.0
52F4E96E8282,2.0
8F33151F0334,2.0
7C9973669356,2.0
623F199799BB,2.0
386A009D6493,2.0
8FE49A2999D0,2.0
AE587E8BC0D3,1
8EBD2CC376A9,2.0
967B49613AE4,2.0
D61D66661CB8,2.0
42CE598E99CA,2.0
39DA395A5C1C,1
30CF70750BD4,2.0
DDE64A8AE177,2.0
BE126D453657,2.0
3C26EC679114,3.0
45AE96545D1A,3.0
CED03E44340E,2.0
CE921B4F91EE,2.0
704B7078F568,2.0
477B00F899E2,3.0
DC4CDCB87CC9,2.0
04B2B51ED063,2.0
5757C902C635,2.0
980B1B6E8B1A,2.0
066F06E5E52C,3.0
C2BAF4ADA2CA,2.0
F18C87AFC020,2.0
B0CCFA21F82C,2.0
C45E9495A7B1,2.0
C8D3EB90EB29,3.0
924D8175D100,3.0
3648A95056F3,2.0
E2F4E68CFEAD,2.0
F01B0824E489,1
15DB2779EC7A,2.0
59EA4BEE9B35,2.0
3661D3C5DB6B,2.0
67DCF9B166A5,2.0
AD63E43944A1,2.0
76BF3852B313,2.0
8E7E9E5B0738,2.0
1F939ECCB2B7,2.0
0C4BA06E1386,3.0
1033B94279B0,2.0
3F612C6BD191,2.0
A03BED17CAD2,2.0
13224DF00A6A,3.0
07C19143568C,2.0
97156FFD0206,2.0
9B66D8446A27,2.0
DC9E68A23D49,2.0
053B9760748C,2.0
74000270BC6F,2.0
3FDDD603DDF5,2.0
0C7C06A6D656,2.0
B26ED6F34796,2.0
44E2726DA1B3,2.0
B071D5619C92,2.0
ACDC0E91BA90,2.0
F548FB9448B8,2.0
2C66292169DC,2.0
C4E2EF38E029,2.0
92A19A711FE0,2.0
0E6ADE74D132,3.0
878CFA39A45F,2.0
7091F3705B94,2.0
709EF21B80F2,2.0
77E95471DE20,2.0
E0939AC84346,2.0
B864F3DC71FC,3.0
8E7C4FE2ECE9,2.0
718B95E10E58,2.0
CB0A108B7695,2.0
365BF456DE1E,2.0
B286EEAB83F6,2.0
CA0FB6DB7B80,2.0
2BB849301FDD,3.0
E9E6AC0ABFB1,2.0
316621B5415B,2.0
D9363A8BDBB0,2.0
D4BC716CE227,2.0
DB82C7F35E09,2.0
E6D83F0D60B6,2.0
DF202B25D2B6,2.0
1EFA2916E5A8,2.0
3BB75823DA5B,2.0
E8C1C58F8A0A,2.0
12347DB8BD9E,2.0
AA7A452C4D9F,2.0
9DB6507F7EEE,2.0
12BB75BB1FDF,2.0
1405831818EE,2.0
280C6F2C65F0,2.0
F69CFE5AEDCA,2.0
6599833E6C96,2.0
85D4A728E17E,2.0
F7D2548C3D54,2.0
DF3EAEF0CA37,2.0
068C37CEEC0E,3.0
FE7AB0719DAB,2.0
FE69FBDD5681,2.0
7F4E3283ECE3,2.0
2387E5E90FE1,2.0
E046108929C0,2.0
6AEC3D4895A7,3.0
7ADE90498A72,2.0
09537221A5ED,2.0
319518E128AB,2.0
EECAB3812EEF,2.0
006720AC64CE,2.0
6CEAF958A41A,2.0
F59E8A52AF52,2.0
93125709E9C6,2.0
6E5F2ED42575,2.0
C80312F1821A,3.0
FFEF92A66D05,2.0
BF181ED1EC7E,2.0
DFE6D4DFE88D,2.0
BF3CC3305C55,2.0
37EA539179FC,3.0
58F8F0F77817,2.0
90932EB9B41A,1
30AA3CFC1A36,2.0
9D67AEFEBA1E,2.0
2C1337136521,3.0
FC84D472CB97,2.0
E0FEF743B354,2.0
3CAA762B49EA,2.0
60B0AC857093,2.0
F6F766C1BDD2,2.0
72E8EFB1A713,2.0
F04B2EFE5187,3.0
41C6D3432C49,2.0
CAD24215C906,2.0
85B700BA5A7C,2.0
99B930E4932D,2.0
E2D4914989F4,2.0
2A2CDE97B76F,2.0
CDC9899690AE,2.0
A9105216AAA3,3.0
FA6B3704C222,2.0
610C4705559E,3.0
5E77E2114BB2,2.0
DE05DCB75D79,2.0
608B8AF21000,2.0
9C17D0BAF41D,3.0
DAFF03EE1185,2.0
EF72DCFE0101,2.0
270BC1D689DF,3.0
C0B162A297A8,2.0
35382AF523B4,2.0
F744ABAAC3FB,2.0
2A0589121A2D,2.0
14D6911BF51D,2.0
4920AFA7EF14,2.0
B490EC2E88FA,2.0
6CE4C9D54C9C,2.0
FAB88954B1AF,2.0
D4988103ADF1,3.0
AE4B0365F36A,1
7E4573DC1EF3,1
9FAA72C47BB0,2.0
E07F813AA76F,2.0
1BE3C3E7DE6C,2.0
BBE712F7271D,2.0
75F1E9E4E399,2.0
937519C972A0,3.0
9F940B25741C,2.0
2C52B3D0BBAC,2.0
1F03BB3AD697,2.0
BDD5D74671DD,3.0
B871AAD79344,2.0
778BE232AA1A,2.0
B651AEF954C3,2.0
73656858947C,3.0
879F0C1C09CD,2.0
4DB034BFB641,1
7C3D428E13BC,2.0
6DAE6E1E7492,2.0
3C536EA2E590,3.0
00E9AC98B45E,2.0
1706A44CC656,2.0
4F627C43D63F,2.0
67311650D333,2.0
541C87833934,2.0
669A595FD66F,3.0
1549B8C0F894,2.0
68BF11B32272,3.0
515CFDAAA723,2.0
27191B7AB2F1,2.0
C5F0A4F3B583,2.0
714C2CC7885E,2.0
168890CF840E,2.0
A87D3BEDF899,2.0
6980434BF3A3,3.0
C08FEF535E7F,2.0
50BC2C5D78A9,2.0
CF73E9CEBB0F,2.0
ABE4228EB3FF,2.0
D1748C4CD7B4,3.0
7CF49F831E85,2.0
C0307836F819,2.0
E638A1E0C45F,2.0
A48461463FB6,3.0
C102B7D2D4CA,2.0
C70531168CB0,3.0
11227C65387B,2.0
EF70163DB55D,2.0
A4EAECAB4CA7,2.0
32AFFBE3D2B0,2.0
EF5A8F9E551F,3.0
3854E6195F67,2.0
3696254BEBF1,2.0
2393A995A4A5,2.0
F113E3F0B0BA,2.0
7F8D2A2AC9EC,2.0
559C4C75FF14,2.0
2BB52981EC50,2.0
3EFA3EE80C51,2.0
BB009CEC8D8F,3.0
DC2EE6A2F024,2.0
476DAA9251E5,2.0
B3CB635C4341,2.0
91BE850DDA60,2.0
9FA072A65735,2.0
0ABF7A12CCF2,2.0
6AE28DD9684A,2.0
DC806528C857,2.0
B131205A86C4,3.0
3206B93DCCE4,2.0
6DA0FDDBAFB1,2.0
D05175CB5CDC,2.0
A975CBC4A7E8,2.0
59CAD930EF50,2.0
4BEDFEB2F6E7,2.0
D12165A1A427,2.0
09C47605F3D6,2.0
7581D851F9C0,2.0
F10B5A59FE18,2.0
7B4B54F34B04,3.0
D058B8D2DFF3,2.0
AC525B50F33C,2.0
554CFA851155,2.0
9F5DFC4C8BAE,2.0
E1C63EC43E07,2.0
1D7E734B4A3D,2.0
008015604AA0,3.0
7DCCED5150F8,2.0
96AC736B550F,2.0
6ED2F18504B1,2.0
2AF255C9402C,2.0
EAD7F1F02A93,2.0
0F43EDB760C4,3.0
8C55F83A618F,2.0
C479AE35C5A2,2.0
4E078101C9DD,2.0
43725C5F910C,3.0
520ADCCD65D8,2.0
46E2CA801FCF,2.0
FB4FE2503800,2.0
D955E21FF1A0,1
20141DCB5346,3.0
1F25E363B7CC,2.0
E41069F5273A,2.0
AAFA0B9080C0,3.0
85FBDED26DCC,2.0
E9B7CC83F056,2.0
2DBFE64834A2,2.0
524CC4D3EEA3,2.0
26216362C2EA,2.0
7EDE41ECEBD0,3.0
11D0BB882C79,2.0
C57EBACC6802,2.0
2BEB2656C8B4,2.0
A6DC0CDD409F,3.0
C0BA22AD7F2A,2.0
E11992CA707D,3.0
68BD4DA6AB9A,2.0
FD92F284A349,2.0
FDFEDB4A87C9,2.0
1C53CA9C2F0C,2.0
1CC9DABCE4B4,2.0
40B094686B62,2.0
D1FBC3B9A8A4,2.0
ABD3B53BC183,3.0
8DBB56C6FE85,2.0
4D395787B7A3,2.0
272344076D52,3.0
BBC740F1DC57,2.0
CC296299ABA4,3.0
86D3038A7C86,2.0
BC8A28D95F08,2.0
DD2345CB8055,2.0
06E5ACD7F079,3.0
64183B7D3207,2.0
A2FA635C9590,2.0
3F2E569A486F,2.0
310355544D30,3.0
7BF3FF676633,2.0
98606EADD114,2.0
1A58E2543D00,3.0
942BFAC1A722,2.0
45FB831B9EFA,2.0
01D81E8DAD16,2.0
00944C693682,2.0
EA5FD0C8ED2C,2.0
53C8C10285AD,3.0
05EA79FC1DDE,2.0
2F2B6C492E97,2.0
E6D61167AFFC,2.0
C18BB3762DCE,2.0
F8B3D7E5722F,2.0
5B57A518AE8B,2.0
B9871E7972A3,2.0
1F26EB15E91D,2.0
F9A944AD1FD2,2.0
5EB43212A8DC,3.0
EF87277FCDA0,2.0
CC2EAAA8FA84,3.0
C07E3C23CE7B,2.0
B38E6E6D3731,2.0
15DB03CB7A98,2.0
29C9EF546659,3.0
C12807C8F8D5,3.0
3CA082968626,2.0
CF5D5E42B72E,2.0
530F622827DE,2.0
14F40F4EBB8F,2.0
158386BFF749,2.0
5E14CA138C09,2.0
ADBB29D9E179,2.0
20A7311B9BCB,2.0
58567312BDAB,2.0
9D01B8F6535B,2.0
6854302C34C5,2.0
9655269C8247,2.0
1988A2DCF0CB,3.0
BAAE75D65C1D,2.0
13326EED1708,2.0
733CDF1B481A,2.0
53A5B5898974,2.0
015BB7DA58EE,2.0
E1AE7FDD072F,2.0
2F602EBE7400,2.0
FEB37659C3F1,2.0
4CD7E8A7BA22,3.0
5C5B530861A1,2.0
9B36BEC03810,2.0
0230E2A9E656,3.0
F44662214D2B,2.0
C0948D00BDF1,2.0
8F40BA1ECB08,2.0
C38708C405C6,2.0
CFDCEE813DF6,2.0
3D26F9BC9F2C,2.0
85D0379B23AF,2.0
D0028C081AAE,2.0
22E2EE7963FA,2.0
3BC19FD6B29F,3.0
82858C701793,2.0
243950E747B0,3.0
62950FA139A0,2.0
FFF1442D6698,3.0
791E6770644C,3.0
442CFAE61CC3,2.0
700BD7047E86,2.0
A29350919975,2.0
9C82C0E4B743,2.0
3114717EBD2D,2.0
C2BFAA5FB1DE,2.0
0E5FA083E123,2.0
C904BF74BED7,2.0
11DD0B26B584,2.0
1712A40F635E,2.0
987ECCF90CE8,1
F39A10D394F2,2.0
2827667B4662,2.0
93969C0A04CC,2.0
9F58F5814567,2.0
BF8BD3F4C67E,3.0
4475026EACB1,2.0
6BC44943152F,2.0
4C3D01DA2767,2.0
8842FE99EC98,2.0
BD49014E35BB,2.0
1065173BBE31,1
9BF316100BDC,2.0
BB705FBA29C7,2.0
1CF95A009AE5,2.0
CE17C1752FCF,3.0
02F4114B1F63,2.0
049719B4901D,2.0
6F29660C48D9,2.0
9E8925504E49,2.0
01FC4BCFD7CB,2.0
F612D53B4DD9,2.0
B0C3BBF86B9B,2.0
1DA7EAA3CE67,2.0
5C2D3A3A8EEC,2.0
0FC4B7E09462,2.0
343084E34E9A,2.0
A2E46DA7D8BD,2.0
0019E4D09427,2.0
80D0A3C7B588,2.0
5AB865AA319A,1
083C3AE77587,2.0
BB86D8B194BD,2.0
7309B62216DC,2.0
173DB7DA3CE3,2.0
6CA8D48652D3,2.0
6D417F773D10,2.0
13F4CEEDDCBD,2.0
05E82CD3394E,2.0
EAD3F5B3AE77,2.0
F9D9298807C9,2.0
6905FF6E4587,2.0
27F4D048EB58,2.0
F15FFBB0E896,2.0
3A3AD368D10E,2.0
56BC9B63B5DD,2.0
5C094CEAB69B,2.0
AEF7EFDAE92E,2.0
F5A232FFBCCC,2.0
13466AD81FBF,2.0
92E97E947628,2.0
7F11D6E06E99,2.0
DC9FF6A175AF,2.0
C85220A1938A,1
A6EE4F2D0C0C,3.0
E2E2F1025D32,2.0
9022E3076084,2.0
84CA98DC9D16,2.0
4252ED1A6E32,2.0
0B998187123D,3.0
1FFD96FC48A6,2.0
50F828AEE977,2.0
CDF96B542327,2.0
0741F0C1D776,2.0
9BE033155063,2.0
22C47823C6B4,2.0
9D0665A39328,2.0
CBB4FB668826,2.0
FF4095394AA0,2.0
D15D74E790E7,2.0
A1F389C6A2A3,2.0
BCC1433ECAEB,2.0
F32C86AD4C64,2.0
00D9BE17185F,2.0
BD74DC599A26,2.0
9DF6EA80A0A6,2.0
2E9B5CD4716D,2.0
9F2336DE1875,2.0
821096176D61,2.0
893B6A0CDB2D,2.0
4423B65DF221,2.0
8065D0364BCF,2.0
B1CFC1B4CECA,2.0
F486B5722EEB,2.0
258D8B873B61,2.0
046C6FB91CBA,2.0
BFEDA9FE9F1E,2.0
5AF0FDB89DAE,2.0
5C75990D9E18,2.0
F446AA6BC388,2.0
53CF7CA4FF9B,2.0
ECAAD9CD08F3,2.0
38D88866ABD9,2.0
26370DAD607F,2.0
6EEACF2CBF27,2.0
2AA857755DA3,2.0
EB5A7CAAFFC6,2.0
A888A6709E94,2.0
3BAA2C7E2CA2,2.0
2D35D2209C2C,2.0
F8B0AB93F522,2.0
9.34E+11,2.0
CC3A5AD37340,2.0
3D9365E243EA,2.0
D84C1B1050A4,2.0
22715C8105CB,2.0
BA13728424E7,2.0
81FD42FF7DBF,2.0
6660129B132A,2.0
60137928C48B,2.0
7DFEAD13F3D6,2.0
6B4AD1AC24ED,2.0
3C9D9C9C1A16,2.0
B734F3A4754C,2.0
331588D6432C,2.0
99DBB0DC7CC2,2.0
257D81CFBA84,2.0
7AFF646F79FB,2.0
557D80F5C513,2.0
BF330E44221A,2.0
5D89C9BCA3B7,2.0
957D444A9CFE,3.0
AF1A2BDA829F,2.0
F3D6CFB60918,3.0
629484796AEE,2.0
ED29FC920FF3,2.0
F83702EEB830,2.0
2280836E512A,1
74036EED2163,2.0
9AFEE7D734BA,2.0
2FB17659DA36,2.0
B724D11E09C5,1
D9900BD19D55,2.0
2545BE194727,3.0
DE11D98D685E,2.0
472760F320CD,2.0
595175891C80,2.0
4B2EFF31A56A,2.0
29E116AF432A,2.0
0F2E9FA7DAF4,2.0
D8DC48B022F5,2.0
599620A50158,2.0
44DEA88FDD83,2.0
46772923BE1C,2.0
F5B2DED407D1,2.0
9DD27942044E,2.0
656C7C849144,2.0
2B98EC6BE001,2.0
7B1B9534D51A,2.0
DEC69C9D9F72,2.0
70CDE7745C45,2.0
E4BCA8263B5D,2.0
2C8BA60F1666,3.0
A187E6D70752,2.0
39E98ECA8354,2.0
1BEEF6DBCEA9,2.0
E7721A3B1C9D,2.0
FDD92DC5BCBD,2.0
D7F4D3366332,2.0
D9EA6EA497D8,2.0
F72CDC88D31A,2.0
2F159741CBBE,2.0
5B4AE145379C,3.0
EB3EBF4BB344,2.0
03F55023E993,2.0
13A23464506E,2.0
7.66E+11,2.0
1BDDBCF9B071,2.0
635484AE3669,2.0
211941CEE73C,2.0
A3B1F9DB5721,2.0
B6FA14E88F99,2.0
0ADBB145FC2C,2.0
49CF9D20146B,2.0
905A76FFA540,2.0
8C61F2374230,3.0
69144038DA0E,2.0
4D55C9731228,2.0
3BF8370D18A6,2.0
A3960A410B74,2.0
6C4103111BB5,2.0
67F6F80C872B,2.0
3188A9E2D162,2.0
2A242B3DCC49,2.0
