Id,Score1
3447.0,2.0
11804.0,1.0
14631.0,1.0
15190.0,2.0
9056.0,1.0
14422.0,1.0
17033.0,2.0
18025.0,2.0
9267.0,1.0
5684.0,2.0
24129.0,1.0
24168.0,1.0
27454.0,1.0
18123.0,2.0
6097.0,1.0
17818.0,1.0
9401.0,1.0
12713.0,1.0
6805.0,1.0
3998.0,2.0
3800.0,1.0
24224.0,2.0
27440.0,1.0
20172.0,1.0
857.0,1.0
23794.0,1.0
23829.0,2.0
15068.0,3.0
12466.0,1.0
5285.0,2.0
27276.0,2.0
6076.0,2.0
9431.0,1.0
6304.0,2.0
18050.0,2.0
23821.0,1.0
5322.0,2.0
3596.0,1.0
11007.0,1.0
12263.0,1.0
9105.0,1.0
3242.0,2.0
574.0,0
26983.0,2.0
14505.0,0
5455.0,2.0
8787.0,1.0
5883.0,2.0
20852.0,1.0
3136.0,1.0
18234.0,2.0
18125.0,1.0
388.0,1.0
24540.0,1.0
25972.0,1.0
17625.0,1.0
474.0,2.0
21265.0,2.0
8432.0,1.0
27528.0,1.0
17879.0,1.0
3633.0,1.0
22967.0,1.0
5083.0,2.0
24091.0,1.0
12183.0,0
11953.0,2.0
26482.0,1.0
6530.0,3.0
18326.0,1.0
8411.0,2.0
6344.0,1.0
5844.0,2.0
17319.0,1.0
9798.0,1.0
1255.0,1.0
8881.0,1.0
15050.0,0
12542.0,0
11797.0,1.0
18247.0,2.0
8293.0,1.0
6243.0,1.0
27547.0,1.0
20.0,2.0
1607.0,2.0
20441.0,2.0
24724.0,2.0
11032.0,0
6361.0,3.0
6384.0,2.0
14753.0,1.0
5178.0,2.0
26766.0,1.0
14258.0,2.0
11242.0,1.0
3128.0,2.0
9081.0,2.0
9086.0,2.0
9778.0,1.0
8197.0,2.0
40.0,2.0
9106.0,2.0
93.0,2.0
23839.0,2.0
697.0,1.0
26446.0,1.0
17820.0,1.0
5872.0,2.0
11986.0,1.0
9765.0,1.0
18431.0,2.0
9379.0,1.0
3634.0,2.0
622.0,1.0
17729.0,1.0
1409.0,2.0
5315.0,1.0
20323.0,1.0
17787.0,1.0
17088.0,2.0
6752.0,2.0
26848.0,2.0
978.0,2.0
17557.0,2.0
17483.0,1.0
20678.0,2.0
170.0,1.0
5434.0,1.0
14637.0,2.0
17226.0,1.0
20792.0,2.0
17985.0,1.0
885.0,2.0
24159.0,1.0
5282.0,2.0
3729.0,2.0
23488.0,2.0
6554.0,2.0
6210.0,1.0
6645.0,2.0
9296.0,1.0
18245.0,2.0
27556.0,2.0
3745.0,2.0
12362.0,0
17332.0,2.0
11298.0,1.0
8698.0,2.0
20046.0,1.0
20988.0,2.0
22983.0,1.0
1316.0,2.0
1198.0,1.0
27074.0,2.0
23143.0,1.0
18635.0,2.0
1053.0,2.0
14243.0,1.0
17018.0,2.0
4961.0,1.0
23520.0,2.0
6807.0,1.0
11590.0,0
19977.0,2.0
27022.0,1.0
17260.0,1.0
8604.0,2.0
24365.0,1.0
23822.0,1.0
27536.0,2.0
5397.0,2.0
842.0,1.0
8747.0,1.0
23887.0,1.0
23764.0,1.0
20634.0,1.0
3597.0,2.0
20237.0,2.0
21533.0,2.0
12439.0,1.0
21244.0,1.0
12331.0,1.0
6245.0,2.0
9720.0,2.0
27446.0,1.0
9205.0,1.0
9522.0,1.0
27157.0,1.0
8431.0,2.0
14986.0,1.0
11836.0,1.0
17748.0,2.0
3073.0,1.0
18732.0,2.0
27234.0,1.0
23647.0,1.0
21729.0,1.0
6426.0,2.0
15096.0,1.0
8134.0,1.0
12166.0,1.0
15516.0,0
252.0,1.0
23840.0,1.0
20060.0,2.0
6763.0,1.0
21357.0,1.0
27489.0,2.0
26694.0,1.0
8641.0,1.0
27277.0,1.0
20328.0,2.0
15066.0,1.0
20877.0,1.0
26789.0,1.0
20535.0,1.0
26903.0,2.0
23598.0,1.0
23047.0,1.0
20519.0,2.0
18316.0,2.0
21127.0,1.0
27204.0,1.0
19953.0,2.0
1581.0,1.0
11442.0,1.0
23965.0,2.0
3603.0,2.0
12437.0,1.0
17455.0,2.0
426.0,1.0
8629.0,2.0
17042.0,2.0
3796.0,2.0
24021.0,0
20288.0,1.0
3942.0,1.0
11752.0,1.0
24068.0,2.0
11591.0,1.0
23540.0,2.0
9306.0,1.0
23757.0,1.0
15714.0,1.0
8441.0,1.0
14533.0,1.0
5726.0,2.0
24303.0,2.0
21117.0,1.0
26604.0,1.0
12446.0,1.0
3921.0,2.0
8896.0,2.0
26900.0,2.0
24466.0,2.0
20373.0,1.0
24315.0,1.0
432.0,1.0
18451.0,2.0
3904.0,2.0
3661.0,1.0
11859.0,1.0
24649.0,1.0
128.0,1.0
14987.0,0
17978.0,1.0
12679.0,2.0
12694.0,0
5688.0,2.0
417.0,1.0
27259.0,1.0
11802.0,1.0
602.0,1.0
26951.0,1.0
5298.0,2.0
14021.0,1.0
840.0,1.0
12212.0,1.0
12537.0,1.0
20230.0,1.0
1322.0,2.0
15164.0,1.0
6202.0,2.0
15343.0,2.0
14726.0,1.0
11601.0,1.0
15413.0,3.0
21672.0,1.0
1145.0,2.0
4963.0,1.0
5569.0,1.0
20961.0,2.0
4992.0,1.0
69.0,1.0
23336.0,1.0
5892.0,1.0
5996.0,1.0
11291.0,0
26682.0,1.0
456.0,1.0
287.0,1.0
3564.0,2.0
27485.0,2.0
1399.0,1.0
3575.0,1.0
14950.0,0
17612.0,1.0
27404.0,2.0
20849.0,0
3387.0,2.0
5067.0,1.0
26097.0,1.0
23250.0,2.0
18260.0,2.0
6104.0,2.0
1403.0,1.0
15558.0,2.0
812.0,0
5579.0,2.0
14464.0,0
1023.0,1.0
14961.0,2.0
17441.0,2.0
12433.0,1.0
11806.0,1.0
12281.0,1.0
18523.0,1.0
15576.0,1.0
12316.0,0
17719.0,1.0
18622.0,1.0
3094.0,1.0
8826.0,1.0
12353.0,1.0
20439.0,1.0
3194.0,1.0
6722.0,1.0
18314.0,1.0
17934.0,1.0
9774.0,2.0
12393.0,1.0
11835.0,1.0
21459.0,2.0
26302.0,1.0
9551.0,1.0
14662.0,1.0
24297.0,2.0
8395.0,1.0
26511.0,1.0
475.0,0
11854.0,1.0
294.0,1.0
12451.0,1.0
8353.0,1.0
24737.0,2.0
8079.0,1.0
20710.0,1.0
4053.0,1.0
26531.0,1.0
3530.0,1.0
5974.0,2.0
27168.0,1.0
20892.0,2.0
17657.0,1.0
3068.0,1.0
3975.0,1.0
15460.0,1.0
26561.0,1.0
26463.0,1.0
6587.0,2.0
21460.0,1.0
23485.0,1.0
27040.0,1.0
20906.0,2.0
25979.0,2.0
14133.0,0
448.0,1.0
18339.0,2.0
20646.0,1.0
14131.0,1.0
24237.0,2.0
21598.0,2.0
6011.0,2.0
6046.0,1.0
2923.0,1.0
14101.0,1.0
27434.0,1.0
26057.0,2.0
759.0,1.0
9582.0,1.0
168.0,1.0
2791.0,2.0
8314.0,1.0
18321.0,1.0
8343.0,1.0
17721.0,1.0
20173.0,3.0
23541.0,2.0
21240.0,2.0
12708.0,1.0
3565.0,2.0
3551.0,1.0
21337.0,2.0
1584.0,0
15529.0,1.0
21264.0,1.0
20106.0,1.0
5401.0,1.0
3473.0,1.0
348.0,1.0
5880.0,2.0
12646.0,1.0
1603.0,1.0
12229.0,1.0
3005.0,1.0
9101.0,1.0
34.0,1.0
23029.0,2.0
18447.0,1.0
8196.0,1.0
23871.0,1.0
18220.0,1.0
17255.0,2.0
27059.0,1.0
8614.0,1.0
5638.0,2.0
15042.0,1.0
14665.0,1.0
26793.0,2.0
609.0,2.0
17383.0,3.0
20059.0,2.0
18177.0,2.0
20171.0,1.0
9443.0,1.0
23124.0,1.0
20886.0,2.0
9520.0,1.0
12562.0,0
23968.0,2.0
9099.0,1.0
3075.0,2.0
24261.0,1.0
12344.0,1.0
18713.0,2.0
14946.0,1.0
12155.0,1.0
23326.0,2.0
1006.0,1.0
26117.0,1.0
23091.0,1.0
1494.0,1.0
12615.0,1.0
26841.0,1.0
11003.0,1.0
27482.0,2.0
21218.0,1.0
26949.0,1.0
20712.0,1.0
2994.0,1.0
23568.0,1.0
981.0,1.0
26190.0,2.0
18159.0,2.0
14474.0,1.0
11108.0,1.0
8392.0,1.0
26883.0,1.0
15679.0,0
20593.0,1.0
16972.0,1.0
26306.0,1.0
21483.0,2.0
1278.0,1.0
26494.0,1.0
21594.0,2.0
8512.0,1.0
8516.0,1.0
4025.0,1.0
3601.0,1.0
15034.0,1.0
24045.0,1.0
24671.0,1.0
320.0,1.0
21508.0,2.0
2885.0,2.0
17812.0,2.0
24250.0,1.0
5673.0,1.0
3081.0,2.0
14778.0,1.0
10995.0,2.0
8174.0,2.0
9687.0,2.0
24100.0,1.0
8292.0,2.0
13986.0,2.0
21194.0,2.0
12343.0,0
11112.0,1.0
24698.0,1.0
17618.0,2.0
451.0,1.0
20468.0,1.0
21361.0,2.0
12651.0,1.0
10977.0,1.0
11938.0,1.0
11822.0,1.0
4993.0,1.0
12290.0,2.0
6084.0,2.0
11530.0,1.0
12305.0,1.0
2960.0,2.0
20466.0,1.0
11603.0,1.0
17964.0,2.0
17137.0,1.0
16995.0,2.0
26212.0,2.0
8850.0,1.0
15187.0,1.0
933.0,2.0
17346.0,1.0
26125.0,1.0
410.0,1.0
4948.0,2.0
20423.0,1.0
17743.0,2.0
26747.0,1.0
26927.0,0
14570.0,0
17921.0,3.0
10992.0,3.0
26460.0,0
922.0,2.0
1548.0,1.0
21583.0,2.0
26050.0,2.0
11503.0,1.0
17272.0,1.0
27388.0,2.0
4982.0,2.0
8685.0,1.0
5685.0,1.0
15735.0,1.0
6465.0,2.0
20716.0,1.0
8617.0,1.0
20078.0,3.0
11426.0,2.0
20183.0,2.0
17438.0,2.0
9228.0,1.0
24716.0,2.0
14110.0,1.0
23562.0,1.0
21397.0,1.0
23710.0,2.0
8152.0,1.0
12380.0,0
23724.0,1.0
17335.0,2.0
427.0,1.0
20198.0,2.0
18102.0,1.0
3799.0,1.0
1412.0,0
5402.0,1.0
317.0,1.0
6473.0,1.0
9156.0,1.0
17347.0,1.0
21490.0,2.0
26054.0,1.0
6710.0,2.0
18412.0,2.0
24700.0,1.0
21733.0,3.0
486.0,1.0
20728.0,1.0
389.0,2.0
26659.0,1.0
6482.0,2.0
292.0,1.0
21710.0,1.0
23750.0,1.0
12128.0,1.0
21741.0,2.0
15659.0,2.0
13970.0,2.0
6125.0,2.0
5746.0,2.0
20629.0,1.0
20655.0,2.0
3754.0,1.0
11772.0,1.0
8155.0,1.0
23437.0,1.0
3391.0,1.0
11733.0,3.0
22991.0,2.0
12709.0,1.0
27177.0,0
3931.0,2.0
9141.0,1.0
24179.0,1.0
12441.0,0
14828.0,1.0
15300.0,1.0
27297.0,1.0
14508.0,1.0
1497.0,1.0
26547.0,1.0
12111.0,1.0
3347.0,1.0
3808.0,2.0
3869.0,1.0
12273.0,0
24325.0,1.0
9508.0,1.0
9285.0,2.0
9567.0,2.0
21010.0,2.0
9165.0,2.0
399.0,0
9102.0,1.0
1555.0,1.0
14677.0,0
20969.0,1.0
5936.0,2.0
6515.0,2.0
6614.0,2.0
15294.0,1.0
11572.0,1.0
18677.0,2.0
730.0,2.0
23640.0,2.0
6312.0,2.0
21171.0,1.0
13996.0,1.0
17233.0,2.0
352.0,1.0
17946.0,1.0
21592.0,2.0
5475.0,1.0
6269.0,1.0
8696.0,1.0
23863.0,2.0
17071.0,1.0
17283.0,2.0
23164.0,1.0
564.0,1.0
23025.0,1.0
25998.0,2.0
11439.0,0
5027.0,1.0
27322.0,1.0
1619.0,1.0
20007.0,1.0
2813.0,1.0
17673.0,1.0
24609.0,2.0
23286.0,1.0
15142.0,1.0
17301.0,2.0
9654.0,1.0
27551.0,1.0
20393.0,2.0
1594.0,1.0
21621.0,1.0
5437.0,1.0
1492.0,2.0
9711.0,2.0
14922.0,1.0
5897.0,1.0
8091.0,1.0
62.0,1.0
11754.0,1.0
26238.0,1.0
14314.0,2.0
14413.0,1.0
17457.0,2.0
17227.0,2.0
27220.0,1.0
4043.0,1.0
12252.0,1.0
24146.0,1.0
11627.0,1.0
5459.0,2.0
654.0,2.0
24195.0,1.0
5342.0,2.0
18407.0,1.0
23321.0,1.0
5523.0,1.0
26342.0,2.0
12752.0,1.0
23169.0,1.0
5649.0,2.0
9723.0,1.0
6411.0,2.0
20999.0,2.0
24258.0,2.0
17997.0,1.0
18036.0,2.0
17410.0,2.0
3727.0,2.0
5284.0,1.0
5547.0,1.0
14747.0,1.0
20740.0,2.0
1431.0,1.0
336.0,1.0
26811.0,1.0
9372.0,1.0
27002.0,1.0
21625.0,1.0
15254.0,2.0
9060.0,1.0
18324.0,1.0
8679.0,1.0
24283.0,1.0
5003.0,2.0
9560.0,1.0
18385.0,1.0
42.0,1.0
20154.0,1.0
14330.0,1.0
26453.0,1.0
27260.0,1.0
639.0,1.0
3969.0,1.0
11709.0,0
20957.0,2.0
21312.0,1.0
17569.0,2.0
24074.0,1.0
6594.0,2.0
20343.0,1.0
17622.0,1.0
12271.0,1.0
3348.0,1.0
12051.0,2.0
27179.0,2.0
9552.0,1.0
23508.0,1.0
8838.0,1.0
9433.0,1.0
26942.0,1.0
20211.0,2.0
15141.0,2.0
8379.0,2.0
15208.0,2.0
15172.0,1.0
18517.0,1.0
11244.0,1.0
23996.0,1.0
20305.0,2.0
8824.0,1.0
14325.0,1.0
11372.0,1.0
26962.0,1.0
14783.0,1.0
26931.0,1.0
14652.0,1.0
8112.0,2.0
24065.0,3.0
291.0,1.0
20804.0,1.0
14086.0,1.0
2921.0,2.0
26504.0,0
17162.0,1.0
5311.0,2.0
11602.0,0
3589.0,1.0
27161.0,1.0
9693.0,1.0
26474.0,1.0
21596.0,2.0
9365.0,1.0
5346.0,1.0
8227.0,1.0
15522.0,2.0
15112.0,1.0
1657.0,1.0
3352.0,1.0
3843.0,2.0
21465.0,2.0
567.0,2.0
5903.0,2.0
20834.0,2.0
11436.0,1.0
27249.0,2.0
15053.0,1.0
23543.0,1.0
725.0,2.0
9530.0,1.0
11070.0,1.0
15089.0,2.0
26933.0,1.0
26772.0,2.0
5527.0,1.0
5074.0,1.0
3724.0,1.0
14874.0,1.0
9724.0,1.0
12386.0,1.0
18277.0,2.0
8260.0,1.0
9045.0,1.0
11860.0,1.0
17153.0,2.0
5155.0,2.0
12567.0,1.0
11176.0,1.0
26269.0,1.0
14163.0,2.0
1531.0,1.0
1029.0,2.0
12464.0,1.0
276.0,1.0
15626.0,1.0
17445.0,1.0
1158.0,1.0
26392.0,1.0
14085.0,1.0
23299.0,1.0
20372.0,1.0
26309.0,1.0
6753.0,2.0
8624.0,2.0
1200.0,1.0
3522.0,1.0
3173.0,2.0
12016.0,2.0
14514.0,2.0
14702.0,1.0
24589.0,2.0
18606.0,2.0
8262.0,2.0
11432.0,1.0
14727.0,1.0
1123.0,1.0
6109.0,1.0
15301.0,1.0
20084.0,1.0
12224.0,1.0
17933.0,1.0
11049.0,1.0
23268.0,1.0
6576.0,1.0
12261.0,2.0
18001.0,1.0
15049.0,2.0
17251.0,1.0
20973.0,1.0
15674.0,2.0
8590.0,1.0
26462.0,0
21545.0,1.0
15699.0,1.0
21536.0,1.0
13999.0,2.0
480.0,2.0
737.0,2.0
5835.0,2.0
23668.0,1.0
17045.0,1.0
1122.0,1.0
15632.0,1.0
21501.0,1.0
6307.0,1.0
27182.0,0
24433.0,1.0
5162.0,1.0
2996.0,2.0
23262.0,1.0
26846.0,1.0
16.0,0
24123.0,1.0
11183.0,2.0
5244.0,2.0
26813.0,1.0
5614.0,2.0
21187.0,2.0
5190.0,2.0
412.0,1.0
14898.0,1.0
397.0,2.0
8467.0,2.0
24451.0,1.0
26431.0,1.0
5382.0,1.0
23979.0,1.0
20406.0,1.0
6788.0,2.0
5548.0,1.0
23956.0,2.0
3245.0,1.0
3930.0,1.0
12720.0,1.0
1599.0,1.0
12324.0,1.0
11988.0,1.0
8076.0,1.0
8555.0,1.0
6791.0,2.0
2978.0,2.0
23071.0,1.0
27527.0,2.0
543.0,2.0
23672.0,1.0
12060.0,1.0
9640.0,1.0
361.0,2.0
12472.0,1.0
12268.0,1.0
5458.0,2.0
18148.0,1.0
6650.0,2.0
8156.0,1.0
9093.0,2.0
17311.0,1.0
6502.0,2.0
5292.0,2.0
11573.0,1.0
24154.0,1.0
14471.0,1.0
24674.0,1.0
15238.0,0
748.0,1.0
2800.0,1.0
3561.0,2.0
15643.0,1.0
5268.0,2.0
21595.0,2.0
5442.0,1.0
23167.0,1.0
138.0,1.0
3330.0,2.0
15281.0,2.0
12470.0,1.0
1065.0,1.0
26434.0,1.0
26553.0,0
23000.0,2.0
6566.0,1.0
8722.0,1.0
20725.0,2.0
4001.0,1.0
8964.0,1.0
12645.0,0
17580.0,2.0
8193.0,2.0
4986.0,2.0
20898.0,1.0
11481.0,1.0
17513.0,2.0
24622.0,1.0
11160.0,1.0
24369.0,2.0
26820.0,2.0
18170.0,2.0
21055.0,1.0
5443.0,2.0
20339.0,2.0
15287.0,3.0
2848.0,2.0
11038.0,1.0
3460.0,2.0
26304.0,0
3434.0,1.0
26947.0,1.0
6045.0,2.0
705.0,1.0
1571.0,2.0
17467.0,1.0
15443.0,1.0
3243.0,2.0
15353.0,1.0
9283.0,2.0
3700.0,1.0
15012.0,1.0
8128.0,1.0
9635.0,2.0
9428.0,2.0
14786.0,1.0
18513.0,2.0
17576.0,2.0
24166.0,1.0
18139.0,1.0
26818.0,1.0
12299.0,1.0
11228.0,1.0
12223.0,1.0
24578.0,2.0
12499.0,1.0
14932.0,2.0
14697.0,1.0
5679.0,1.0
24080.0,1.0
24153.0,1.0
8707.0,1.0
23023.0,2.0
14821.0,1.0
14232.0,1.0
12266.0,0
17104.0,2.0
26468.0,1.0
14582.0,2.0
12565.0,2.0
8097.0,1.0
6524.0,1.0
17904.0,1.0
21669.0,1.0
6160.0,2.0
15567.0,1.0
8074.0,1.0
3051.0,2.0
27243.0,1.0
24077.0,2.0
24442.0,2.0
18282.0,1.0
27233.0,1.0
24374.0,1.0
21720.0,2.0
14864.0,1.0
21487.0,1.0
6547.0,1.0
27036.0,1.0
26105.0,2.0
821.0,1.0
12735.0,1.0
20785.0,1.0
4000.0,2.0
24008.0,2.0
12088.0,1.0
18046.0,2.0
14170.0,1.0
17374.0,1.0
24194.0,2.0
8320.0,1.0
17544.0,2.0
26731.0,1.0
879.0,0
1.0,2.0
15641.0,1.0
27339.0,1.0
18640.0,1.0
11214.0,1.0
24555.0,0
14559.0,1.0
3977.0,2.0
6072.0,2.0
9369.0,1.0
5333.0,2.0
18209.0,2.0
9421.0,1.0
14944.0,0
5575.0,1.0
20760.0,1.0
8828.0,1.0
14620.0,1.0
2797.0,2.0
24740.0,1.0
21260.0,1.0
3568.0,2.0
26411.0,1.0
15729.0,1.0
26681.0,2.0
14203.0,1.0
6110.0,1.0
27478.0,1.0
14817.0,0
5364.0,1.0
5714.0,1.0
27355.0,1.0
11234.0,1.0
17065.0,2.0
27587.0,1.0
26338.0,1.0
14511.0,1.0
9266.0,1.0
14558.0,1.0
16976.0,2.0
12023.0,1.0
178.0,1.0
26696.0,3.0
24130.0,1.0
23791.0,2.0
18443.0,2.0
14301.0,1.0
20894.0,2.0
2823.0,2.0
14052.0,1.0
18027.0,2.0
15121.0,1.0
9313.0,1.0
837.0,2.0
26489.0,1.0
14646.0,1.0
9252.0,1.0
15284.0,1.0
4952.0,2.0
26472.0,1.0
3536.0,1.0
8359.0,1.0
9033.0,1.0
8144.0,1.0
9192.0,1.0
3118.0,1.0
15228.0,0
3819.0,2.0
4046.0,2.0
26726.0,1.0
8403.0,2.0
1563.0,2.0
20456.0,2.0
2819.0,2.0
6390.0,2.0
17926.0,1.0
13960.0,2.0
26384.0,1.0
27093.0,1.0
12075.0,1.0
26888.0,1.0
11358.0,1.0
18597.0,1.0
111.0,1.0
21110.0,2.0
18539.0,2.0
18658.0,1.0
11041.0,1.0
11898.0,1.0
6259.0,2.0
14235.0,1.0
6553.0,1.0
9182.0,1.0
12175.0,1.0
5687.0,1.0
8547.0,1.0
15171.0,1.0
18637.0,2.0
9566.0,1.0
14906.0,1.0
1091.0,1.0
23972.0,1.0
20472.0,2.0
24005.0,1.0
8890.0,1.0
6797.0,2.0
14234.0,1.0
27088.0,1.0
15754.0,1.0
3482.0,1.0
559.0,1.0
17159.0,1.0
27267.0,2.0
23651.0,2.0
17887.0,2.0
11062.0,0
20157.0,2.0
8384.0,1.0
3732.0,1.0
3521.0,1.0
27280.0,1.0
11419.0,1.0
17716.0,1.0
12563.0,1.0
27425.0,2.0
11292.0,0
26104.0,2.0
17660.0,2.0
114.0,2.0
5015.0,2.0
591.0,2.0
23776.0,1.0
3007.0,2.0
17288.0,1.0
26563.0,1.0
14271.0,1.0
27526.0,1.0
20801.0,2.0
20942.0,2.0
15063.0,1.0
18130.0,0
21273.0,1.0
23452.0,1.0
21740.0,2.0
8485.0,0
579.0,1.0
12301.0,1.0
18284.0,1.0
12332.0,1.0
6155.0,2.0
17859.0,1.0
2864.0,1.0
22995.0,2.0
1414.0,1.0
3778.0,1.0
2952.0,1.0
764.0,2.0
3321.0,2.0
14509.0,1.0
23844.0,1.0
15454.0,2.0
17110.0,1.0
20481.0,2.0
26485.0,1.0
1627.0,1.0
9767.0,1.0
9039.0,1.0
21453.0,2.0
18576.0,1.0
14004.0,2.0
18376.0,2.0
10986.0,1.0
6579.0,1.0
17899.0,1.0
17265.0,1.0
11894.0,1.0
5493.0,2.0
5096.0,1.0
12327.0,1.0
15362.0,1.0
362.0,1.0
11355.0,1.0
11078.0,1.0
14701.0,2.0
17069.0,1.0
23600.0,2.0
27226.0,2.0
6585.0,1.0
17687.0,1.0
17418.0,2.0
20791.0,1.0
12144.0,2.0
26102.0,1.0
15612.0,2.0
15645.0,1.0
2954.0,2.0
9111.0,2.0
21095.0,1.0
27342.0,1.0
3995.0,2.0
14121.0,1.0
469.0,1.0
18213.0,2.0
1451.0,1.0
3573.0,1.0
14388.0,1.0
18083.0,1.0
15241.0,1.0
5888.0,1.0
5587.0,2.0
23273.0,1.0
531.0,2.0
15617.0,1.0
3097.0,2.0
17712.0,0
12528.0,0
14441.0,1.0
23509.0,2.0
8798.0,2.0
23824.0,1.0
11514.0,1.0
3983.0,2.0
20120.0,1.0
6059.0,1.0
8855.0,1.0
27457.0,1.0
554.0,2.0
1144.0,1.0
3858.0,1.0
17652.0,1.0
11305.0,1.0
15494.0,1.0
5904.0,2.0
11173.0,1.0
12666.0,1.0
23572.0,1.0
14546.0,2.0
12130.0,1.0
20727.0,1.0
17762.0,1.0
20598.0,1.0
3080.0,2.0
3932.0,2.0
9783.0,1.0
15668.0,0
8407.0,2.0
11409.0,1.0
5258.0,1.0
21708.0,2.0
24004.0,1.0
27144.0,2.0
21463.0,2.0
458.0,2.0
23052.0,2.0
5522.0,2.0
20544.0,1.0
17025.0,1.0
6251.0,1.0
21205.0,2.0
3145.0,1.0
17875.0,1.0
255.0,1.0
12265.0,1.0
21537.0,1.0
9269.0,2.0
12683.0,1.0
6063.0,1.0
26795.0,2.0
20915.0,1.0
23057.0,2.0
24231.0,1.0
3059.0,2.0
5152.0,2.0
11245.0,2.0
1028.0,1.0
1086.0,1.0
625.0,2.0
23779.0,1.0
14688.0,1.0
108.0,2.0
26072.0,2.0
15406.0,1.0
22956.0,1.0
11724.0,1.0
5253.0,1.0
24115.0,2.0
21568.0,2.0
544.0,2.0
14093.0,2.0
15144.0,0
15555.0,1.0
312.0,1.0
5970.0,2.0
9008.0,1.0
5966.0,1.0
6132.0,3.0
742.0,1.0
1580.0,1.0
9617.0,2.0
5006.0,2.0
23748.0,1.0
745.0,1.0
8427.0,1.0
14717.0,1.0
17867.0,1.0
1615.0,2.0
18691.0,2.0
316.0,2.0
14206.0,1.0
20066.0,1.0
3747.0,1.0
24667.0,1.0
8159.0,1.0
3992.0,1.0
18400.0,1.0
3652.0,1.0
26635.0,0
11865.0,1.0
11201.0,1.0
24643.0,2.0
21292.0,2.0
11067.0,1.0
17744.0,2.0
9597.0,1.0
20998.0,2.0
12667.0,1.0
1127.0,2.0
24262.0,1.0
908.0,1.0
21403.0,2.0
12125.0,1.0
23669.0,1.0
9268.0,1.0
11429.0,1.0
23357.0,2.0
20688.0,1.0
26755.0,1.0
18061.0,2.0
11868.0,2.0
18381.0,1.0
4968.0,1.0
12701.0,1.0
20209.0,1.0
12322.0,1.0
20455.0,1.0
15291.0,1.0
5988.0,2.0
18406.0,1.0
14147.0,1.0
21252.0,2.0
14450.0,1.0
12527.0,1.0
3332.0,1.0
5265.0,3.0
23213.0,1.0
11912.0,1.0
14705.0,0
24558.0,1.0
26089.0,2.0
8312.0,1.0
24076.0,1.0
23171.0,2.0
24212.0,1.0
5435.0,2.0
1529.0,1.0
15429.0,1.0
6229.0,2.0
9288.0,1.0
21343.0,2.0
904.0,1.0
24407.0,1.0
3204.0,1.0
5304.0,1.0
5448.0,2.0
11102.0,1.0
17022.0,1.0
27435.0,1.0
23646.0,2.0
1296.0,1.0
5501.0,2.0
12623.0,1.0
12631.0,1.0
22958.0,1.0
20573.0,2.0
12688.0,1.0
3990.0,2.0
12143.0,1.0
12323.0,0
587.0,2.0
26510.0,1.0
5623.0,2.0
26234.0,1.0
23002.0,2.0
3200.0,1.0
24088.0,1.0
27221.0,2.0
3464.0,2.0
3670.0,1.0
23173.0,2.0
3834.0,2.0
14498.0,1.0
26822.0,1.0
3135.0,2.0
11056.0,1.0
20152.0,1.0
23431.0,1.0
17872.0,1.0
674.0,1.0
15644.0,1.0
5326.0,2.0
15081.0,1.0
26173.0,2.0
15163.0,1.0
20640.0,2.0
4979.0,1.0
23718.0,2.0
12164.0,1.0
18682.0,2.0
18579.0,1.0
5632.0,2.0
15175.0,1.0
9096.0,1.0
24635.0,1.0
26598.0,1.0
8801.0,1.0
8757.0,1.0
21306.0,2.0
15716.0,1.0
23751.0,2.0
17239.0,2.0
5201.0,2.0
26528.0,2.0
17711.0,2.0
6114.0,2.0
6176.0,1.0
26499.0,1.0
27523.0,1.0
12498.0,1.0
12241.0,2.0
6240.0,2.0
26295.0,1.0
2817.0,2.0
2919.0,1.0
9679.0,1.0
15140.0,1.0
26110.0,2.0
6728.0,2.0
26617.0,1.0
20810.0,2.0
8189.0,1.0
26278.0,1.0
4922.0,1.0
1351.0,2.0
8946.0,1.0
15744.0,2.0
3386.0,1.0
6471.0,2.0
23923.0,1.0
10967.0,1.0
12435.0,1.0
197.0,2.0
26643.0,1.0
11124.0,1.0
23162.0,1.0
26636.0,2.0
971.0,1.0
4022.0,2.0
12488.0,1.0
21156.0,1.0
23055.0,2.0
1480.0,1.0
14475.0,1.0
17596.0,1.0
9352.0,1.0
3974.0,1.0
23168.0,2.0
18590.0,1.0
9272.0,1.0
8657.0,1.0
14016.0,3.0
5847.0,2.0
9254.0,1.0
26618.0,1.0
27326.0,0
9200.0,1.0
27516.0,1.0
26677.0,1.0
12750.0,0
11015.0,1.0
11497.0,1.0
9454.0,2.0
11799.0,1.0
5182.0,1.0
17188.0,1.0
1050.0,2.0
5626.0,2.0
12062.0,1.0
20281.0,1.0
14704.0,1.0
26954.0,1.0
6364.0,2.0
18520.0,2.0
5017.0,1.0
17003.0,2.0
18186.0,1.0
11212.0,1.0
5940.0,2.0
11569.0,1.0
14522.0,2.0
27301.0,1.0
6470.0,2.0
24350.0,1.0
20496.0,1.0
22962.0,1.0
24593.0,2.0
6749.0,2.0
26344.0,1.0
6802.0,1.0
17490.0,1.0
1670.0,1.0
9180.0,1.0
18037.0,1.0
285.0,2.0
3506.0,2.0
23982.0,2.0
26644.0,1.0
14295.0,1.0
8164.0,1.0
1324.0,1.0
18593.0,1.0
20866.0,2.0
21231.0,1.0
25985.0,1.0
834.0,1.0
11571.0,2.0
24198.0,2.0
21261.0,2.0
12152.0,1.0
17016.0,2.0
26164.0,1.0
17838.0,1.0
11841.0,1.0
11966.0,1.0
8247.0,1.0
14578.0,1.0
5648.0,1.0
20083.0,1.0
6673.0,2.0
26839.0,3.0
3617.0,2.0
5110.0,2.0
8564.0,2.0
9261.0,1.0
12740.0,1.0
5224.0,2.0
18648.0,1.0
23081.0,1.0
6177.0,2.0
12368.0,1.0
151.0,1.0
1237.0,1.0
17730.0,1.0
3574.0,1.0
14377.0,1.0
677.0,2.0
200.0,2.0
21348.0,1.0
20936.0,2.0
20244.0,2.0
24380.0,1.0
21616.0,1.0
6659.0,2.0
18302.0,1.0
21116.0,0
20196.0,1.0
618.0,1.0
14868.0,0
18456.0,2.0
3701.0,1.0
24138.0,1.0
14718.0,1.0
3038.0,2.0
2814.0,2.0
20900.0,1.0
20533.0,2.0
9634.0,1.0
6801.0,2.0
18599.0,1.0
1356.0,2.0
593.0,2.0
11610.0,2.0
17060.0,1.0
12024.0,1.0
9340.0,1.0
5406.0,2.0
8784.0,1.0
23401.0,1.0
18238.0,1.0
13990.0,1.0
380.0,1.0
24160.0,1.0
23241.0,1.0
26032.0,2.0
23252.0,1.0
14046.0,1.0
8949.0,1.0
21073.0,2.0
58.0,2.0
17317.0,1.0
9023.0,1.0
23104.0,2.0
8789.0,1.0
5357.0,1.0
12234.0,0
10975.0,1.0
9647.0,1.0
804.0,2.0
12756.0,1.0
26835.0,2.0
1093.0,1.0
20701.0,1.0
18157.0,1.0
9548.0,1.0
5257.0,2.0
20986.0,1.0
11704.0,1.0
23373.0,2.0
18066.0,1.0
18568.0,1.0
24289.0,1.0
23523.0,1.0
20389.0,1.0
3273.0,2.0
851.0,1.0
26370.0,2.0
20274.0,2.0
5267.0,2.0
3155.0,2.0
378.0,2.0
15610.0,1.0
752.0,1.0
26071.0,2.0
14638.0,1.0
20756.0,1.0
11366.0,1.0
11507.0,1.0
3711.0,2.0
17989.0,1.0
18091.0,1.0
3366.0,1.0
8484.0,1.0
20839.0,1.0
6422.0,2.0
15640.0,1.0
1254.0,1.0
6488.0,1.0
17917.0,2.0
24037.0,1.0
11882.0,1.0
5031.0,2.0
14623.0,1.0
20356.0,2.0
1057.0,2.0
648.0,1.0
11281.0,1.0
14653.0,1.0
15589.0,1.0
27549.0,1.0
47.0,1.0
17131.0,1.0
5698.0,2.0
21688.0,2.0
14017.0,3.0
511.0,2.0
3520.0,1.0
11800.0,1.0
18099.0,2.0
8182.0,1.0
14788.0,0
21434.0,3.0
1587.0,1.0
26245.0,1.0
8331.0,1.0
5896.0,2.0
14873.0,1.0
23934.0,1.0
5260.0,2.0
24143.0,1.0
8491.0,1.0
8684.0,1.0
15584.0,1.0
12526.0,0
10970.0,1.0
12624.0,1.0
20812.0,2.0
5122.0,2.0
26898.0,0
5174.0,1.0
21429.0,2.0
15523.0,1.0
8788.0,1.0
3845.0,1.0
17830.0,1.0
1545.0,1.0
23391.0,1.0
18605.0,2.0
15442.0,1.0
20118.0,2.0
5411.0,1.0
3611.0,2.0
8082.0,1.0
6516.0,2.0
1523.0,1.0
24541.0,2.0
3201.0,2.0
18387.0,1.0
17091.0,2.0
23405.0,1.0
21092.0,2.0
11629.0,0
20764.0,2.0
24655.0,1.0
8103.0,1.0
24680.0,2.0
9564.0,2.0
510.0,1.0
18267.0,1.0
23949.0,0
14151.0,1.0
5659.0,2.0
11011.0,1.0
11184.0,0
11338.0,1.0
186.0,2.0
24730.0,1.0
9623.0,1.0
26920.0,1.0
9607.0,1.0
9501.0,1.0
17289.0,2.0
18235.0,2.0
8140.0,1.0
21620.0,2.0
122.0,1.0
20693.0,2.0
17599.0,2.0
11084.0,1.0
12167.0,1.0
1035.0,1.0
24493.0,1.0
8345.0,1.0
26778.0,1.0
23574.0,2.0
334.0,2.0
1012.0,1.0
14380.0,2.0
8420.0,1.0
14743.0,1.0
27072.0,2.0
11138.0,1.0
3659.0,2.0
12597.0,1.0
15734.0,0
24696.0,1.0
21686.0,2.0
3794.0,1.0
14359.0,1.0
17674.0,1.0
1600.0,2.0
8230.0,1.0
21579.0,2.0
23215.0,1.0
26152.0,1.0
201.0,0
8753.0,1.0
11996.0,1.0
19999.0,2.0
24036.0,1.0
931.0,2.0
5553.0,2.0
5969.0,1.0
24501.0,0
20773.0,2.0
23337.0,2.0
12216.0,1.0
8652.0,1.0
21398.0,2.0
1374.0,2.0
5161.0,1.0
5011.0,1.0
26518.0,1.0
1327.0,1.0
23505.0,0
14369.0,1.0
209.0,1.0
24242.0,1.0
12274.0,1.0
26282.0,1.0
3694.0,2.0
24554.0,1.0
12010.0,1.0
12363.0,1.0
18687.0,1.0
1124.0,0
17981.0,1.0
488.0,1.0
11511.0,1.0
1069.0,0
1248.0,1.0
17414.0,1.0
18217.0,1.0
1112.0,1.0
6548.0,1.0
5111.0,1.0
8459.0,1.0
18469.0,1.0
8626.0,1.0
17741.0,1.0
484.0,1.0
8241.0,2.0
20847.0,2.0
24462.0,2.0
8869.0,2.0
23734.0,1.0
12460.0,1.0
20951.0,1.0
9543.0,2.0
15358.0,0
20146.0,2.0
21666.0,2.0
3699.0,2.0
258.0,2.0
8760.0,1.0
20478.0,1.0
27274.0,1.0
14124.0,1.0
5358.0,2.0
1485.0,2.0
17888.0,1.0
2826.0,1.0
3428.0,2.0
703.0,1.0
8186.0,1.0
11819.0,2.0
3880.0,1.0
21570.0,2.0
26592.0,2.0
27064.0,1.0
9083.0,1.0
12540.0,2.0
3203.0,1.0
15316.0,1.0
23394.0,1.0
18479.0,1.0
14345.0,1.0
21250.0,1.0
15215.0,0
15303.0,0
23409.0,2.0
23823.0,1.0
23567.0,1.0
24300.0,2.0
15479.0,1.0
6714.0,2.0
8215.0,1.0
27519.0,1.0
27505.0,1.0
26895.0,2.0
8462.0,1.0
11043.0,1.0
17974.0,2.0
24389.0,1.0
11231.0,1.0
20093.0,1.0
5767.0,2.0
15009.0,0
6484.0,1.0
15721.0,0
14889.0,1.0
1164.0,1.0
3628.0,2.0
26236.0,1.0
6194.0,2.0
8943.0,2.0
3528.0,2.0
24337.0,2.0
14399.0,1.0
15728.0,2.0
17340.0,1.0
11578.0,1.0
23283.0,1.0
2855.0,1.0
8779.0,1.0
9125.0,1.0
23708.0,1.0
24637.0,1.0
104.0,1.0
23172.0,1.0
20155.0,1.0
17352.0,1.0
23332.0,2.0
21274.0,2.0
18246.0,1.0
20081.0,2.0
3914.0,1.0
25960.0,1.0
411.0,0
8172.0,2.0
23570.0,2.0
3664.0,1.0
15625.0,1.0
24557.0,2.0
5393.0,2.0
8412.0,1.0
12302.0,2.0
11582.0,1.0
27123.0,2.0
20141.0,1.0
23227.0,2.0
5752.0,1.0
23556.0,2.0
14666.0,1.0
24043.0,1.0
6119.0,1.0
23330.0,1.0
26632.0,1.0
27236.0,1.0
11159.0,2.0
23180.0,1.0
11258.0,1.0
9133.0,2.0
945.0,1.0
5819.0,1.0
935.0,1.0
1227.0,2.0
5374.0,2.0
27550.0,1.0
18369.0,2.0
3225.0,2.0
23846.0,0
3695.0,2.0
8700.0,1.0
3474.0,2.0
6244.0,1.0
23418.0,1.0
5173.0,1.0
12388.0,1.0
5839.0,2.0
9525.0,1.0
6690.0,2.0
27306.0,2.0
9293.0,1.0
3240.0,2.0
5066.0,1.0
26986.0,2.0
11739.0,2.0
1289.0,2.0
14175.0,1.0
13991.0,2.0
17936.0,1.0
23494.0,1.0
20778.0,2.0
21525.0,2.0
20889.0,2.0
6178.0,1.0
20467.0,1.0
9131.0,1.0
414.0,1.0
12396.0,2.0
21523.0,2.0
555.0,1.0
24243.0,1.0
11506.0,0
27211.0,1.0
11908.0,1.0
9547.0,1.0
17749.0,1.0
17986.0,2.0
1283.0,2.0
21128.0,2.0
23904.0,1.0
20853.0,1.0
946.0,2.0
9596.0,1.0
15347.0,2.0
6040.0,1.0
3887.0,2.0
12689.0,1.0
23259.0,2.0
17150.0,1.0
17129.0,1.0
17138.0,2.0
634.0,1.0
873.0,1.0
8546.0,2.0
23842.0,2.0
26128.0,1.0
14948.0,1.0
6184.0,2.0
1457.0,1.0
15410.0,1.0
18080.0,1.0
20164.0,2.0
20972.0,1.0
21436.0,2.0
17196.0,1.0
6271.0,2.0
5986.0,2.0
24172.0,1.0
5829.0,2.0
8456.0,1.0
17713.0,1.0
26777.0,1.0
5958.0,1.0
24050.0,1.0
31.0,1.0
17080.0,2.0
12309.0,1.0
9188.0,1.0
5975.0,2.0
25974.0,1.0
26497.0,1.0
27291.0,1.0
11753.0,1.0
1612.0,1.0
11697.0,1.0
21123.0,2.0
14238.0,3.0
24421.0,2.0
18018.0,1.0
1453.0,1.0
25970.0,1.0
20306.0,1.0
15600.0,1.0
16979.0,2.0
21676.0,2.0
26059.0,0
2836.0,1.0
24144.0,1.0
12029.0,1.0
11147.0,1.0
818.0,2.0
8335.0,1.0
11659.0,2.0
246.0,1.0
23297.0,2.0
3150.0,2.0
6489.0,1.0
11460.0,1.0
8290.0,1.0
20714.0,1.0
3436.0,1.0
20179.0,2.0
813.0,0
218.0,1.0
1078.0,1.0
15470.0,1.0
6458.0,2.0
15204.0,1.0
11251.0,1.0
5637.0,2.0
3842.0,2.0
6362.0,1.0
15748.0,1.0
636.0,2.0
26675.0,2.0
395.0,2.0
23048.0,2.0
23789.0,2.0
17768.0,2.0
9581.0,2.0
15134.0,1.0
16966.0,1.0
14162.0,1.0
23092.0,1.0
5709.0,1.0
5376.0,1.0
11885.0,0
9790.0,2.0
1476.0,1.0
14115.0,1.0
20555.0,2.0
9206.0,1.0
18262.0,1.0
26788.0,1.0
20674.0,2.0
6750.0,2.0
20418.0,3.0
26129.0,1.0
5055.0,2.0
17306.0,2.0
1366.0,1.0
18418.0,1.0
20518.0,1.0
9291.0,1.0
15000.0,1.0
9485.0,1.0
8980.0,1.0
5175.0,2.0
734.0,1.0
3504.0,1.0
15213.0,1.0
20837.0,1.0
26228.0,1.0
5073.0,1.0
6200.0,1.0
3853.0,2.0
3678.0,1.0
18007.0,1.0
9474.0,1.0
12204.0,1.0
24481.0,1.0
8680.0,1.0
20759.0,2.0
12187.0,0
11146.0,1.0
3572.0,1.0
12680.0,2.0
11535.0,1.0
17857.0,1.0
14033.0,1.0
24255.0,2.0
8678.0,1.0
8289.0,1.0
18589.0,2.0
4956.0,2.0
9213.0,1.0
6542.0,1.0
11688.0,1.0
11014.0,0
8549.0,1.0
17834.0,1.0
12583.0,1.0
9148.0,1.0
21111.0,1.0
6715.0,1.0
21713.0,1.0
12047.0,1.0
20409.0,1.0
3793.0,2.0
24062.0,2.0
17638.0,1.0
14881.0,2.0
3231.0,1.0
20202.0,2.0
8213.0,2.0
3329.0,1.0
23714.0,2.0
20397.0,2.0
521.0,2.0
6163.0,2.0
1521.0,1.0
26730.0,1.0
23940.0,1.0
15078.0,1.0
8701.0,1.0
9202.0,1.0
14594.0,1.0
17504.0,2.0
17531.0,1.0
9550.0,1.0
11485.0,1.0
102.0,2.0
8535.0,1.0
3305.0,1.0
22977.0,1.0
27128.0,1.0
17294.0,3.0
21147.0,2.0
23792.0,1.0
22964.0,1.0
24706.0,1.0
9097.0,0
652.0,1.0
8325.0,1.0
6284.0,2.0
23515.0,2.0
1359.0,1.0
14495.0,2.0
27010.0,2.0
1019.0,1.0
12473.0,1.0
9743.0,1.0
20940.0,2.0
27275.0,1.0
15312.0,1.0
15.0,1.0
15102.0,2.0
6032.0,2.0
8840.0,2.0
11564.0,1.0
18281.0,2.0
14169.0,1.0
9139.0,1.0
24101.0,1.0
14588.0,1.0
23864.0,2.0
11479.0,2.0
24598.0,2.0
18582.0,2.0
6529.0,2.0
26433.0,2.0
14911.0,2.0
26477.0,2.0
17021.0,1.0
358.0,1.0
11294.0,1.0
8277.0,1.0
23854.0,1.0
26714.0,0
21253.0,1.0
2862.0,2.0
20247.0,1.0
9629.0,1.0
1394.0,2.0
8530.0,1.0
15219.0,0
12107.0,1.0
12140.0,1.0
926.0,1.0
8355.0,1.0
26623.0,2.0
3913.0,2.0
3341.0,1.0
24334.0,2.0
6331.0,1.0
9495.0,1.0
21140.0,1.0
6593.0,2.0
6031.0,1.0
20491.0,1.0
6541.0,2.0
9142.0,1.0
4051.0,2.0
17700.0,1.0
11776.0,1.0
20893.0,2.0
20255.0,2.0
26221.0,2.0
24353.0,3.0
27156.0,2.0
8914.0,1.0
21432.0,2.0
506.0,2.0
14244.0,1.0
24603.0,1.0
5670.0,2.0
1434.0,0
9187.0,1.0
20927.0,1.0
21069.0,1.0
27186.0,1.0
14378.0,1.0
27111.0,0
12599.0,1.0
5833.0,2.0
24279.0,1.0
18290.0,1.0
11852.0,1.0
1054.0,1.0
23413.0,1.0
18674.0,2.0
14689.0,1.0
6212.0,1.0
310.0,1.0
84.0,1.0
715.0,2.0
1625.0,1.0
795.0,1.0
638.0,1.0
24075.0,2.0
15607.0,2.0
3228.0,2.0
6731.0,2.0
3972.0,1.0
181.0,1.0
5594.0,1.0
9309.0,1.0
9504.0,1.0
26976.0,2.0
9417.0,1.0
20194.0,1.0
24600.0,1.0
1541.0,1.0
11939.0,2.0
14404.0,2.0
492.0,1.0
26202.0,1.0
11266.0,1.0
1534.0,2.0
17001.0,1.0
6009.0,1.0
14545.0,2.0
20978.0,2.0
8832.0,2.0
3383.0,1.0
9173.0,1.0
25951.0,1.0
15317.0,2.0
11954.0,1.0
14787.0,1.0
112.0,1.0
5539.0,2.0
9058.0,1.0
8275.0,1.0
4035.0,2.0
23404.0,2.0
26955.0,1.0
20273.0,2.0
8471.0,1.0
26865.0,1.0
9070.0,1.0
9705.0,1.0
6478.0,1.0
24249.0,1.0
14066.0,2.0
14910.0,1.0
3027.0,1.0
17815.0,1.0
9536.0,2.0
26890.0,1.0
26557.0,2.0
3146.0,1.0
20850.0,1.0
27360.0,2.0
4010.0,0
20040.0,1.0
8900.0,2.0
763.0,1.0
12165.0,1.0
18155.0,1.0
8782.0,1.0
11254.0,1.0
24708.0,2.0
21611.0,1.0
18272.0,1.0
23323.0,1.0
15642.0,1.0
23086.0,1.0
23845.0,1.0
20004.0,2.0
17363.0,1.0
6546.0,2.0
15354.0,0
18347.0,1.0
21033.0,2.0
8966.0,1.0
2821.0,2.0
24284.0,2.0
20589.0,1.0
23192.0,1.0
14437.0,1.0
120.0,3.0
5453.0,2.0
3817.0,2.0
249.0,2.0
13997.0,1.0
17893.0,1.0
11053.0,0
17682.0,2.0
4997.0,1.0
24511.0,1.0
27095.0,1.0
14568.0,1.0
26203.0,1.0
17658.0,1.0
11828.0,1.0
11662.0,0
6781.0,1.0
12039.0,1.0
607.0,2.0
15324.0,1.0
25953.0,1.0
17894.0,2.0
21326.0,2.0
17310.0,0
15724.0,2.0
23778.0,1.0
14276.0,1.0
21439.0,2.0
17353.0,2.0
23516.0,1.0
21469.0,1.0
9402.0,1.0
11357.0,1.0
15322.0,1.0
11592.0,2.0
17394.0,2.0
8591.0,2.0
5252.0,2.0
21323.0,2.0
5133.0,3.0
8827.0,2.0
15003.0,1.0
1207.0,2.0
3587.0,1.0
23745.0,2.0
6066.0,1.0
18620.0,1.0
709.0,1.0
11277.0,0
5663.0,1.0
21019.0,2.0
400.0,1.0
17312.0,1.0
26135.0,1.0
20350.0,1.0
3397.0,2.0
5496.0,2.0
23228.0,1.0
3934.0,2.0
6719.0,2.0
5689.0,2.0
5476.0,2.0
9786.0,1.0
26457.0,1.0
11641.0,0
1656.0,0
8969.0,0
20056.0,0
8083.0,1.0
1304.0,0
519.0,2.0
27147.0,1.0
3170.0,1.0
17512.0,1.0
9.0,1.0
2856.0,2.0
331.0,2.0
26331.0,1.0
18210.0,1.0
26593.0,0
1167.0,1.0
18740.0,2.0
18160.0,1.0
18334.0,2.0
9038.0,1.0
3583.0,1.0
20062.0,1.0
17733.0,1.0
15421.0,1.0
5631.0,2.0
24437.0,1.0
21103.0,2.0
17413.0,2.0
14818.0,0
23608.0,1.0
21324.0,2.0
8803.0,1.0
15447.0,2.0
27357.0,2.0
1386.0,2.0
27455.0,2.0
4945.0,2.0
12355.0,0
18717.0,3.0
24121.0,1.0
20638.0,2.0
17184.0,2.0
23754.0,0
18521.0,1.0
15746.0,0
26486.0,2.0
3558.0,1.0
23298.0,1.0
1098.0,1.0
701.0,1.0
14975.0,2.0
8328.0,1.0
3092.0,1.0
17119.0,2.0
5702.0,2.0
684.0,2.0
24183.0,1.0
12649.0,1.0
11199.0,1.0
5242.0,2.0
21302.0,2.0
23501.0,1.0
8357.0,1.0
4044.0,1.0
17393.0,2.0
1011.0,2.0
20089.0,1.0
21195.0,2.0
20779.0,1.0
26732.0,1.0
1154.0,2.0
14561.0,2.0
18013.0,1.0
15637.0,1.0
14349.0,1.0
3496.0,2.0
4019.0,2.0
5269.0,2.0
20416.0,2.0
27047.0,1.0
6780.0,2.0
15111.0,1.0
1596.0,1.0
8285.0,1.0
15611.0,1.0
26680.0,1.0
929.0,2.0
11645.0,1.0
20932.0,1.0
20618.0,1.0
14453.0,1.0
12256.0,1.0
14862.0,1.0
11587.0,2.0
14472.0,1.0
14530.0,1.0
1298.0,0
6368.0,2.0
26882.0,0
11927.0,1.0
21133.0,2.0
26046.0,1.0
21449.0,1.0
3814.0,2.0
2804.0,2.0
23072.0,1.0
14098.0,1.0
17966.0,1.0
20672.0,1.0
27124.0,1.0
5763.0,2.0
27150.0,1.0
20990.0,1.0
2827.0,2.0
3870.0,2.0
20825.0,1.0
18059.0,1.0
14634.0,1.0
24458.0,2.0
9518.0,1.0
18543.0,1.0
26049.0,2.0
19972.0,1.0
12233.0,1.0
3404.0,2.0
20321.0,2.0
5824.0,1.0
17909.0,1.0
17802.0,1.0
18145.0,2.0
18594.0,1.0
21314.0,2.0
27012.0,2.0
17299.0,1.0
27272.0,0
14172.0,0
5861.0,2.0
18429.0,2.0
26326.0,0
18494.0,1.0
14391.0,1.0
8371.0,1.0
18117.0,2.0
18108.0,1.0
20165.0,1.0
23360.0,1.0
8708.0,1.0
18033.0,2.0
3649.0,2.0
14049.0,1.0
23615.0,1.0
14208.0,2.0
9544.0,1.0
9777.0,2.0
5720.0,1.0
26616.0,1.0
20609.0,2.0
5592.0,2.0
5813.0,1.0
5808.0,2.0
27065.0,1.0
26134.0,2.0
23531.0,2.0
20367.0,1.0
3290.0,1.0
24063.0,2.0
23163.0,1.0
15201.0,1.0
3322.0,2.0
12067.0,1.0
5422.0,1.0
21094.0,1.0
20331.0,2.0
12091.0,1.0
14506.0,1.0
6317.0,1.0
327.0,0
8769.0,2.0
26151.0,0
6134.0,2.0
12198.0,2.0
20182.0,2.0
26456.0,2.0
14242.0,1.0
17804.0,2.0
5595.0,1.0
15719.0,2.0
17143.0,1.0
17636.0,1.0
20983.0,1.0
26136.0,1.0
3569.0,1.0
27287.0,1.0
24391.0,1.0
13974.0,1.0
9755.0,1.0
11502.0,0
1663.0,1.0
11857.0,0
20540.0,0
23377.0,1.0
14279.0,1.0
23795.0,1.0
12069.0,1.0
3647.0,1.0
2881.0,1.0
15661.0,1.0
1576.0,2.0
27242.0,1.0
18288.0,1.0
5350.0,1.0
18531.0,1.0
23492.0,1.0
20149.0,2.0
14139.0,2.0
26124.0,1.0
6129.0,2.0
11261.0,1.0
14966.0,1.0
18484.0,1.0
832.0,1.0
11728.0,0
26261.0,2.0
9175.0,1.0
23473.0,2.0
21203.0,1.0
18626.0,2.0
27420.0,0
1660.0,1.0
26978.0,2.0
14518.0,1.0
2839.0,2.0
27245.0,2.0
18363.0,2.0
1202.0,0
24446.0,1.0
1333.0,2.0
2860.0,2.0
23113.0,1.0
1042.0,1.0
14512.0,2.0
15231.0,1.0
11771.0,1.0
9201.0,2.0
18616.0,2.0
23325.0,1.0
3686.0,1.0
323.0,1.0
3555.0,1.0
24611.0,1.0
9716.0,1.0
14336.0,1.0
18162.0,1.0
8351.0,0
17688.0,2.0
5337.0,2.0
27402.0,2.0
8953.0,1.0
23350.0,1.0
23586.0,1.0
11171.0,1.0
150.0,2.0
5686.0,2.0
17309.0,2.0
8106.0,1.0
26165.0,1.0
20619.0,1.0
3912.0,1.0
18219.0,1.0
6450.0,1.0
20082.0,2.0
275.0,1.0
9631.0,1.0
1143.0,1.0
26657.0,1.0
8931.0,2.0
5831.0,2.0
18052.0,1.0
6154.0,2.0
17957.0,1.0
9457.0,2.0
12177.0,1.0
6668.0,1.0
5805.0,1.0
23459.0,1.0
20897.0,1.0
20870.0,2.0
17032.0,1.0
14403.0,1.0
24204.0,2.0
26017.0,1.0
466.0,1.0
8266.0,1.0
15483.0,3.0
17098.0,2.0
23207.0,1.0
24624.0,0
23028.0,2.0
27563.0,1.0
18737.0,2.0
20920.0,1.0
9300.0,1.0
6029.0,2.0
751.0,1.0
17326.0,1.0
21705.0,1.0
24528.0,1.0
23722.0,1.0
17229.0,2.0
20563.0,2.0
20153.0,2.0
11577.0,1.0
23544.0,1.0
26843.0,2.0
20251.0,2.0
884.0,1.0
11321.0,2.0
12058.0,2.0
27466.0,2.0
11103.0,1.0
5446.0,2.0
6768.0,2.0
21605.0,2.0
27543.0,1.0
14750.0,1.0
27588.0,1.0
9246.0,1.0
17994.0,1.0
26005.0,1.0
18172.0,1.0
9204.0,1.0
21480.0,2.0
26043.0,1.0
24099.0,1.0
23830.0,1.0
9458.0,1.0
9098.0,1.0
1398.0,1.0
12609.0,1.0
23444.0,1.0
21087.0,2.0
21541.0,2.0
9047.0,2.0
8101.0,2.0
5075.0,2.0
12692.0,1.0
18377.0,1.0
8892.0,1.0
11861.0,1.0
18171.0,1.0
485.0,1.0
4045.0,2.0
6708.0,1.0
26470.0,1.0
18014.0,1.0
17262.0,2.0
11132.0,1.0
12001.0,1.0
26854.0,2.0
174.0,2.0
26268.0,1.0
11142.0,2.0
1348.0,1.0
11993.0,1.0
583.0,1.0
27181.0,2.0
15559.0,1.0
23945.0,1.0
21577.0,1.0
14443.0,1.0
17139.0,1.0
1003.0,1.0
4934.0,2.0
3712.0,1.0
8242.0,2.0
6764.0,2.0
3458.0,1.0
4959.0,1.0
24377.0,0
12076.0,1.0
20479.0,2.0
11179.0,1.0
15004.0,1.0
136.0,2.0
3491.0,2.0
9312.0,1.0
4989.0,2.0
5919.0,1.0
14651.0,1.0
1397.0,1.0
18024.0,2.0
5976.0,2.0
20138.0,2.0
20736.0,2.0
20229.0,2.0
1218.0,1.0
12552.0,1.0
14605.0,1.0
8348.0,1.0
17492.0,1.0
4064.0,2.0
9342.0,1.0
8162.0,2.0
14552.0,2.0
23102.0,2.0
1140.0,1.0
21509.0,2.0
11483.0,1.0
15591.0,1.0
6353.0,2.0
1262.0,2.0
132.0,1.0
17554.0,1.0
5822.0,2.0
20072.0,2.0
12656.0,1.0
12674.0,1.0
27336.0,2.0
1460.0,2.0
18056.0,1.0
6133.0,2.0
24275.0,2.0
15703.0,2.0
23366.0,2.0
1419.0,2.0
14635.0,1.0
15480.0,1.0
3593.0,1.0
5935.0,2.0
24605.0,1.0
9048.0,1.0
3936.0,2.0
14200.0,1.0
11264.0,1.0
17781.0,2.0
2985.0,1.0
15678.0,1.0
1176.0,2.0
3141.0,2.0
14317.0,1.0
12201.0,1.0
18667.0,1.0
8449.0,2.0
24670.0,2.0
21476.0,1.0
15383.0,2.0
15013.0,1.0
19965.0,3.0
15396.0,1.0
11482.0,1.0
9627.0,2.0
24392.0,1.0
27255.0,1.0
5469.0,0
23354.0,1.0
14319.0,0
11803.0,1.0
15385.0,1.0
1048.0,1.0
9385.0,1.0
26584.0,1.0
21233.0,2.0
11044.0,1.0
15054.0,1.0
2907.0,1.0
15471.0,1.0
12530.0,1.0
20707.0,2.0
11943.0,1.0
23783.0,1.0
1209.0,1.0
24509.0,1.0
5556.0,1.0
17419.0,2.0
26168.0,1.0
5932.0,2.0
11121.0,1.0
11302.0,0
23785.0,2.0
8389.0,1.0
24308.0,0
1303.0,2.0
23905.0,2.0
2974.0,2.0
11734.0,1.0
3650.0,2.0
24281.0,2.0
21037.0,2.0
3439.0,2.0
17266.0,1.0
17871.0,1.0
1517.0,1.0
21734.0,1.0
5949.0,2.0
994.0,0
18615.0,1.0
6289.0,2.0
8734.0,1.0
11286.0,1.0
23686.0,2.0
9775.0,1.0
12135.0,1.0
20677.0,1.0
1483.0,2.0
19997.0,1.0
20602.0,2.0
12616.0,1.0
26603.0,2.0
3929.0,1.0
24053.0,1.0
26977.0,1.0
20828.0,1.0
26185.0,1.0
16997.0,1.0
1618.0,2.0
215.0,1.0
23699.0,1.0
27033.0,1.0
5390.0,2.0
903.0,3.0
26016.0,1.0
85.0,1.0
3772.0,1.0
20762.0,2.0
21056.0,3.0
11991.0,1.0
9143.0,1.0
15056.0,1.0
27377.0,0
3171.0,2.0
20945.0,1.0
26231.0,2.0
15279.0,1.0
23550.0,1.0
11114.0,1.0
18410.0,1.0
23916.0,2.0
23424.0,1.0
17163.0,2.0
15409.0,1.0
5018.0,1.0
20657.0,2.0
26624.0,1.0
24027.0,1.0
4923.0,1.0
1025.0,1.0
27053.0,0
669.0,1.0
26913.0,2.0
2902.0,1.0
8978.0,2.0
12378.0,1.0
6766.0,2.0
17485.0,1.0
18572.0,2.0
15217.0,1.0
9331.0,0
24089.0,1.0
21304.0,1.0
5418.0,1.0
12015.0,1.0
20934.0,1.0
24644.0,2.0
8852.0,1.0
1328.0,1.0
5076.0,2.0
17106.0,0
6662.0,1.0
17381.0,2.0
2986.0,2.0
11960.0,1.0
27546.0,1.0
18516.0,2.0
23545.0,2.0
12093.0,1.0
1369.0,1.0
17975.0,2.0
17898.0,2.0
6460.0,2.0
8183.0,2.0
23186.0,1.0
80.0,2.0
15574.0,1.0
23969.0,1.0
3325.0,2.0
23706.0,2.0
17773.0,2.0
27511.0,1.0
12550.0,1.0
14222.0,1.0
18402.0,1.0
467.0,2.0
14959.0,1.0
14520.0,0
8450.0,1.0
14286.0,1.0
8114.0,1.0
18127.0,1.0
20880.0,2.0
3105.0,1.0
15697.0,0
14402.0,1.0
21105.0,2.0
2809.0,1.0
3191.0,2.0
26410.0,2.0
14375.0,0
27152.0,2.0
1430.0,1.0
5938.0,2.0
3792.0,2.0
26580.0,1.0
11255.0,1.0
11755.0,2.0
15199.0,1.0
14010.0,0
185.0,1.0
1044.0,2.0
14058.0,1.0
17219.0,2.0
9707.0,1.0
23088.0,1.0
17206.0,1.0
14776.0,1.0
17472.0,1.0
26508.0,1.0
17318.0,2.0
12429.0,0
1040.0,1.0
9478.0,1.0
24375.0,2.0
5980.0,2.0
1444.0,2.0
5219.0,1.0
17630.0,1.0
500.0,2.0
11257.0,0
24617.0,1.0
20800.0,2.0
20864.0,2.0
3910.0,1.0
18021.0,2.0
23469.0,3.0
15568.0,0
6354.0,2.0
12410.0,1.0
8861.0,1.0
1558.0,2.0
21208.0,1.0
5181.0,2.0
12521.0,1.0
26034.0,1.0
6418.0,1.0
3100.0,2.0
11759.0,0
9726.0,1.0
17846.0,1.0
20705.0,2.0
14038.0,2.0
18690.0,1.0
26919.0,1.0
24727.0,1.0
5041.0,2.0
14119.0,1.0
896.0,2.0
867.0,2.0
6359.0,1.0
17004.0,2.0
23225.0,2.0
26079.0,1.0
27476.0,2.0
21009.0,2.0
9191.0,1.0
20848.0,1.0
27248.0,1.0
16981.0,2.0
17665.0,2.0
9692.0,1.0
8743.0,2.0
26709.0,2.0
15466.0,0
6077.0,2.0
15113.0,2.0
8888.0,1.0
8080.0,2.0
20312.0,1.0
14819.0,1.0
14351.0,0
23727.0,2.0
21181.0,1.0
6429.0,2.0
377.0,2.0
2859.0,2.0
8772.0,1.0
11202.0,1.0
9167.0,1.0
3623.0,1.0
17750.0,1.0
6044.0,1.0
5596.0,2.0
24633.0,1.0
12424.0,1.0
3227.0,1.0
314.0,1.0
15116.0,1.0
5559.0,2.0
3744.0,1.0
23116.0,1.0
23814.0,1.0
12134.0,1.0
24646.0,1.0
14809.0,1.0
264.0,1.0
5377.0,1.0
26492.0,1.0
24346.0,1.0
6492.0,2.0
18545.0,1.0
27223.0,1.0
3449.0,2.0
20177.0,1.0
8924.0,1.0
21121.0,2.0
23197.0,2.0
18215.0,2.0
15174.0,1.0
606.0,2.0
23627.0,1.0
3261.0,2.0
8362.0,2.0
340.0,1.0
8936.0,1.0
26091.0,1.0
24594.0,1.0
2883.0,1.0
14407.0,1.0
26665.0,1.0
3037.0,2.0
5691.0,2.0
14436.0,1.0
26103.0,0
26708.0,1.0
14772.0,3.0
24396.0,1.0
26749.0,2.0
20626.0,3.0
24294.0,2.0
14236.0,3.0
3907.0,2.0
4059.0,2.0
5513.0,2.0
4925.0,2.0
3293.0,2.0
11381.0,1.0
18198.0,1.0
24323.0,1.0
18070.0,1.0
11396.0,1.0
9177.0,1.0
15477.0,2.0
8271.0,1.0
14686.0,1.0
18008.0,1.0
1321.0,1.0
1415.0,2.0
18023.0,1.0
20113.0,2.0
12066.0,1.0
9642.0,1.0
12560.0,1.0
1271.0,2.0
17892.0,2.0
9290.0,1.0
26475.0,1.0
8961.0,1.0
11539.0,1.0
6087.0,2.0
24596.0,1.0
8084.0,2.0
15180.0,0
23032.0,2.0
658.0,2.0
3061.0,2.0
24112.0,1.0
9021.0,0
14878.0,1.0
15369.0,1.0
16959.0,1.0
26004.0,2.0
14517.0,1.0
9565.0,1.0
534.0,2.0
11468.0,1.0
23208.0,1.0
8759.0,1.0
20980.0,2.0
14916.0,2.0
8659.0,1.0
3946.0,1.0
9618.0,1.0
5343.0,2.0
9672.0,1.0
24132.0,2.0
3099.0,2.0
20460.0,1.0
21285.0,1.0
24028.0,2.0
11929.0,1.0
24339.0,1.0
6117.0,2.0
20730.0,2.0
5037.0,2.0
23467.0,2.0
5079.0,2.0
3197.0,2.0
15021.0,1.0
938.0,2.0
20127.0,1.0
26272.0,2.0
1512.0,2.0
6360.0,2.0
3730.0,2.0
676.0,0
25982.0,0
12005.0,0
23279.0,2.0
8597.0,1.0
17407.0,2.0
14491.0,2.0
5577.0,2.0
5942.0,1.0
27323.0,2.0
1311.0,2.0
15377.0,1.0
23496.0,1.0
6233.0,2.0
14201.0,1.0
3725.0,1.0
21496.0,2.0
24447.0,2.0
15670.0,1.0
504.0,0
21270.0,1.0
14338.0,1.0
23087.0,1.0
26791.0,1.0
1214.0,1.0
17030.0,1.0
21000.0,2.0
24743.0,2.0
641.0,1.0
8333.0,1.0
27096.0,0
863.0,1.0
26369.0,1.0
1120.0,0
24222.0,1.0
26292.0,1.0
27048.0,2.0
24277.0,2.0
6035.0,2.0
18026.0,2.0
5536.0,1.0
18049.0,2.0
27061.0,1.0
20784.0,2.0
22980.0,2.0
27520.0,2.0
6419.0,2.0
8671.0,1.0
8225.0,1.0
27443.0,2.0
14497.0,2.0
5521.0,2.0
21310.0,1.0
23542.0,1.0
169.0,1.0
17571.0,2.0
5259.0,1.0
6267.0,2.0
1609.0,1.0
1211.0,2.0
27121.0,1.0
27071.0,1.0
18071.0,2.0
6358.0,1.0
